Scan	Pre	Sequence	Post	Modifications	Composition	ProteinName	ProteinDesc	ProteinLength	Start	End	Charge	MostAbundantIsotopeMz	Mass	#MatchedFragments	Probability	SpecEValue	EValue	QValue	PepQValue
3	-	MLILTRRVGETLMIGDEVTVTVLGVKGNQVRIGVNAPKEVSVHREEIYQRIQSEKSGTPSEGGNF	-	Oxidation 13	C(308) H(515) N(91) O(99) S(2)	SO_3426	carbon storage regulator, CsrA	65	1	65	10	715.0836501	7136.750317	21	1	1.52E-22	6.53E-19	0	0
4	-	MLILTRRVGETLMIGDEVTVTVLGVKGNQVRIGVNAPKEVSVHREEIYQRIQSEKSGTPSEGGNF	-	Oxidation 13	C(308) H(515) N(91) O(99) S(2)	SO_3426	carbon storage regulator, CsrA	65	1	65	8	893.6027435	7136.750317	43	1	7.56E-40	3.25E-36	0	0
8	-	MFPEYRDLISTLKTQDAHFQRKFNEHNQLDEEIKQLEKRVGSDFNPAVKELKSKKLHLKE	E		C(322) H(513) N(91) O(96) S(1)	SO_4134	protein of unknown function DUF465	70	1	60	10	723.6864036	7222.777852	24	0.9896	3.01E-15	1.29E-11	0	0
9	-	MRVDPNVSLVYSTDKGRITAEPEAKAIPTSDGIVRIHRDSKGRKGKGVSVISGLGLDEAGLKALAQTLKKQCGCGGTVKDFTIEVQTDNREQLKQLLEKQNYKVKLAGG	-		C(507) H(857) N(151) O(160) S(3)	SO_3345	translation initiation factor protein, YciH	109	1	109	15	782.6270275	11717.27278	17	0.9637	4.35E-12	1.87E-08	0	0
10	T	GLGLRRIGHTVELEDTPSVRGMINKVYYMVKVED	-		C(170) H(280) N(48) O(51) S(2)	SO_0249	ribosomal protein L30, RpmD	60	27	60	4	970.0147912	3874.023349	25	1	5.71E-25	2.46E-21	0	0
11	-	MFPEYRDLISTLKTQDAHFQRKFNEHNQLDEEIKQLEKRVGSDFNPAVKELKSKKLHLKE	E		C(322) H(513) N(91) O(96) S(1)	SO_4134	protein of unknown function DUF465	70	1	60	12	603.2398824	7222.777852	26	0.9998	4.14E-20	1.78E-16	0	0
13	-	MLILTRRVGETLMIGDEVTVTVLGVKGNQVRIGVNAPKEVSVHREEIYQRIQSEKSGTPSEGGNF	-	Oxidation 1	C(308) H(515) N(91) O(99) S(2)	SO_3426	carbon storage regulator, CsrA	65	1	65	7	1021.116382	7136.750317	56	1	4.81E-45	2.07E-41	0	0
14	-	MRVDPNVSLVYSTDKGRITAEPEAKAIPTSDGIVRIHRDSKGRKGKGVSVISGLGLDEAGLKALAQTLKKQCGCGGTVKDFTIEVQTDNREQLKQLLEKQNYKVKLAGG	-	Dehydro 72,Dehydro 74	C(507) H(855) N(151) O(160) S(3)	SO_3345	translation initiation factor protein, YciH	109	1	109	14	838.3130347	11715.25713	32	1	2.17E-20	9.33E-17	0	0
15	M	TTDLDLQSAIAALDEYGYEKKASTDLEQARNKQQMGKYIKSL	D		C(205) H(333) N(55) O(71) S(1)	SO_2569	putative cytoplasmic protein	106	2	43	5	948.0857816	4733.385816	20	1	9.63E-26	4.14E-22	0	0
16	A	DELATTGCAAKLATINAELAEAKAAGNQHKVAGLEKAYAEVVNHCADDRLAVERLAKVEALEVKLAERQHELTEAIADGKPMDKINKKRQKIAEVESELAKVRAELTQ	-	Dehydro 8,Dehydro 45	C(503) H(845) N(149) O(164) S(3)	SO_0119	periplasmic protein of unknown function DUF1090	130	23	130	12	976.0219328	11693.15239	37	1	3.49E-25	1.50E-21	0	0
19	W	EPRLAKGVDNLVKSVKTGLNAMPPGGMCTDCTDEDYKAAIEFMSKAK	-	Dehydro 28,Dehydro 31	C(215) H(352) N(58) O(70) S(5)	SO_0264	periplasmic monoheme cytochrome c5, ScyA	99	53	99	5	1006.896706	5026.437082	30	1	9.40E-24	4.04E-20	0	0
21	Q	LSMVKTTESVQKATATITDSFASSNSKLLNAKDSLERIKARQQQFDDRLKAAETLAEEGSDKSLQAKLAEAGIGEQKSNANAVLERIKARKS	-		C(423) H(720) N(128) O(146) S(1)	SO_3765	PspA	229	138	229	11	907.1233886	9961.257104	43	1	1.06E-21	4.57E-18	0	0
23	-	MNIRPLHDRVIVKRLEVESTSAGGIVLTGSAAEKSTRGEVLAVGNGRILENGTVRPLDVKVGDVVIFNEGYGVKKEKIDGQEVLIL	S		C(405) H(685) N(117) O(125) S(1)	SO_0703	chaperonin, GroES	96	1	86	10	923.5145745	9220.056206	25	1	5.78E-16	2.49E-12	0	0
24	Q	MEAVGLSIDDLGGVAVKASSKKRAPRPAKYQIEVDGEVIQWTGQGRMPTVFKNEVNKGRSMDDFLI	-		C(317) H(516) N(90) O(97) S(3)	SO_3146	DNA-binding protein, H-NS family	130	65	130	8	905.4761176	7231.737309	16	0.1481	6.85E-10	2.95E-06	0	0
25	-	MNIRPLHDRVIVKRLEVESTSAGGIVLTGSAAEKSTRGEVLAVGNGRILENGTVRPLDVKVGDVVIFNEGYGVKKEKIDGQEVLIL	S		C(405) H(685) N(117) O(125) S(1)	SO_0703	chaperonin, GroES	96	1	86	9	1026.015385	9220.056206	42	1	2.32E-28	9.99E-25	0	0
26	-	MNIRPLHDRVIVKRLEVESTSAGGIVLTGSAAEKSTRGEVLAVGNGRILENGTVRPLDVKVGDVVIFNEGYGVKKEKIDGQEVLIL	S		C(405) H(685) N(117) O(125) S(1)	SO_0703	chaperonin, GroES	96	1	86	8	1154.141399	9220.056206	40	1	2.46E-32	1.06E-28	0	0
28	-	MRVDPNVSLVYSTDKGRITAEPEAKAIPTSDGIVRIHRDSKGRKGKGVSVISGLGLDEAGLKALAQTLKKQCGCGGTVKDFTIEVQTDNREQLKQLLEKQNYKVKLAGG	-	Dehydro 72,Dehydro 74	C(507) H(855) N(151) O(160) S(3)	SO_3345	translation initiation factor protein, YciH	109	1	109	14	838.3130347	11715.25713	27	0.9991	1.24E-14	5.32E-11	0	0
29	-	MNIRPLHDRVIVKRLEVESTSAGGIVLTGSAAEKSTRGEVLAVGNGRILENGTVRPLDVKVGDVVIF	N		C(310) H(529) N(93) O(95) S(1)	SO_0703	chaperonin, GroES	96	1	67	8	889.8732397	7106.914286	27	1	1.67E-23	7.19E-20	0	0
30	-	MRVDPNVSLVYSTDKGRITAEPEAKAIPTSDGIVRIHRDSKGRKGKGVSVISGLGLDEAGLKALAQTLKKQCGCGGTVKDFTIEVQTDNREQLKQLLEKQNYKVKLAGG	-	Dehydro 72,Dehydro 74	C(507) H(855) N(151) O(160) S(3)	SO_3345	translation initiation factor protein, YciH	109	1	109	17	690.5531951	11715.25713	41	1	8.84E-32	3.80E-28	0	0
31	A	DDALDKAIKSDFRQAKNSSRDIYRHPAETLTFFGISPT	H		C(190) H(296) N(54) O(61) S(0)	SO_2583	methyltransferase	270	23	60	5	863.4430182	4310.171999	12	0.4931	2.20E-14	9.47E-11	0	0
33	-	MRHYEIVFMVHPDQSEQVPGMIERYTGAITEANGKIHRLEDWGRR	Q		C(234) H(363) N(71) O(68) S(3)	SO_3930	ribosomal protein S6, RpsF	131	1	45	7	765.9557355	5351.629149	31	1	5.01E-34	2.15E-30	0	0
34	-	MRHYEIVFMVHPDQSEQVPGMIERYTGAITEANGKIHRLEDWGRR	Q		C(234) H(363) N(71) O(68) S(3)	SO_3930	ribosomal protein S6, RpsF	131	1	45	7	765.9557355	5351.629149	32	1	5.44E-25	2.34E-21	0	0
35	S	RTQARIKAALEVAAQREKPTWVEVDSAKMEGAFKRIPERSDLSAEINEQLIVELYSK	-		C(285) H(470) N(82) O(89) S(1)	SO_0255	ribosomal protein S4, RpsD	206	150	206	7	929.6443296	6497.449307	42	1	7.66E-50	3.29E-46	0	0
36	-	MNIRPLHDRVIVKRLEVESTSAGGIVLTGSAAEKSTRGEVLAVGNGRILENGTVRPLDVKVGDVVIFNEGYGVKKEKIDGQEVLIL	S		C(405) H(685) N(117) O(125) S(1)	SO_0703	chaperonin, GroES	96	1	86	7	1318.874845	9220.056206	27	0.833	2.68E-17	1.15E-13	0	0
38	Q	MEAVGLSIDDLGGVAVKASSKKRAPRPAKYQIEVDGEVIQWTGQGRMPTVFKNEVNKGRSMDDFLI	-		C(317) H(516) N(90) O(97) S(3)	SO_3146	DNA-binding protein, H-NS family	130	65	130	7	1034.685952	7231.737309	22	1	5.01E-19	2.15E-15	0	0
39	-	MRHYEIVFMVHPDQSEQVPGMIERYTGAITEANGKIHRLEDWGRR	Q		C(234) H(363) N(71) O(68) S(3)	SO_3930	ribosomal protein S6, RpsF	131	1	45	8	670.3371781	5351.629149	25	1	1.89E-28	8.14E-25	0	0
40	V	SANDVVSIREKSRTQARIKAALEVAAQREKPTWVEVDSAKMEGAFKRIPERSDLSAEINEQLIVELYSK	-		C(338) H(561) N(99) O(109) S(1)	SO_0255	ribosomal protein S4, RpsD	206	138	206	8	974.3979459	7783.111936	37	1	4.61E-35	1.98E-31	0	0
41	K	MEALKSEYQLKGKALDEDLRRRQGEEQNKLLVKVQKAINTIAEKEKYDLVLQRGAVIYVKPNADISGKVVEALSKGK	-		C(383) H(649) N(109) O(117) S(1)	SO_1638	periplasmic chaperone for outer membrane proteins, Skp	168	92	168	9	965.9858732	8679.790596	25	0.9998	4.93E-21	2.12E-17	0	0
44	V	SANDVVSIREKSRTQARIKAALEVAAQREKPTWVEVDSAKMEGAFKRIPERSDLSAEINEQLIVELYSK	-		C(338) H(561) N(99) O(109) S(1)	SO_0255	ribosomal protein S4, RpsD	206	138	206	7	1113.453756	7783.111936	65	1	2.89E-62	1.24E-58	0	0
48	-	MLILTRRVGETLMIGDEVTVTVLGVKGNQVRIGVNAPKEVSVHREEIYQRIQSEKSGTPSEGGNF	-	Oxidation 1	C(308) H(515) N(91) O(99) S(2)	SO_3426	carbon storage regulator, CsrA	65	1	65	9	794.4254694	7136.750317	29	1	2.40E-38	1.03E-34	0	0
49	-	MTKSELIEKLATRQSQLSAKEVEGAIKEMLEQMATTLESGDRIEIRGFGSFSLHYRAPRTGRNPKTGSSVELEGKYVPHFKPGKELRERVDAVNV	-	Oxidation 29,Oxidation 33	C(463) H(760) N(136) O(147) S(3)	SO_2401	integration host factor, beta subunit, IhfB	95	1	95	14	763.8325538	10673.53375	25	0.8676	5.09E-10	2.19E-06	0	0
53	-	MTKSELIEKLATRQSQLSAKEVEGAIKEMLEQMATTLESGDRIEIRGFGSFSLHYRAPRTGRNPKTGSSVELEGKYVPHFKPGKELRERVDAVNV	-	Oxidation 29,Oxidation 33	C(463) H(760) N(136) O(147) S(3)	SO_2401	integration host factor, beta subunit, IhfB	95	1	95	13	822.5114213	10673.53375	44	1	3.08E-33	1.32E-29	0	0
56	Q	LSMVKTTESVQKATATITDSFASSNSKLLNAKDSLERIKARQQQFDDRLKAAETLAEEGSDKSLQAKLAEAGIGEQKSNANAVLERIKARKS	-		C(423) H(720) N(128) O(146) S(1)	SO_3765	PspA	229	138	229	12	831.6137126	9961.257104	26	1	4.30E-17	1.85E-13	0	0
58	K	MEALKSEYQLKGKALDEDLRRRQGEEQNKLLVKVQKAINTIAEKEKYDLVLQRGAVIYVKPNADISGKVVEALSKGK	-		C(383) H(649) N(109) O(117) S(1)	SO_1638	periplasmic chaperone for outer membrane proteins, Skp	168	92	168	11	790.5352192	8679.790596	37	1	3.10E-32	1.33E-28	0	0
59	M	TTVSMRDMLQAGVHFGHQTRYWNPKMKPFIFG	A		C(172) H(258) N(48) O(43) S(3)	SO_1629	ribosomal protein S2, RpsB	242	2	33	5	757.3814089	3779.863952	17	0.9448	1.96E-14	8.44E-11	0	0
61	-	MYAVFQSGGKQHRVAPGHTVRLEKLEVATGSTVEFDQVLLIADGEKVHVGAPLVAGGKVVAEVVSHGRGEKVTIVKFRRRKHHDKKLGHRQWFTEVKITAINA	-		C(508) H(824) N(154) O(139) S(1)	SO_3652	ribosomal protein L21, RplU	103	1	103	12	946.357823	11338.18643	24	1	3.22E-18	1.38E-14	0	0
63	-	MTKSELIEKLATRQSQLSAKEVEGAIKEMLEQMATTLESGDRIEIRGFGSFSLHYRAPRTGRNPKTGSSVELEGKYVPHFKPGKELRERVDAVNV	-	Oxidation 29,Oxidation 33	C(463) H(760) N(136) O(147) S(3)	SO_2401	integration host factor, beta subunit, IhfB	95	1	95	11	971.8758112	10673.53375	31	1	6.94E-20	2.99E-16	0	0
64	M	AATQYYGTGRRKTSTARVFAKAGSGNIVVNQRPLDQYFGRETARMVVRQPLELVEMTDKLDIYVTVKGGGITGQAGAIRHGITRA	L		C(403) H(661) N(125) O(120) S(2)	SO_3939	ribosomal protein S9, RpsI	130	2	86	13	711.8462972	9235.890495	20	0.9971	7.97E-15	3.43E-11	0	0
66	-	MQNQRIRIRLKGFDHRLIDQSTAEIVETAKRTGAQVRGPIPLPTRKERYTVLISPHVNKDARDQYELRTHKRLVDIVEPTEKTVDALMRLDLAAGVDVQISLG	-	Oxidation 88	C(513) H(861) N(159) O(154) S(2)	SO_0230	ribosomal protein S10, RpsJ	103	1	103	12	983.0414931	11777.38712	13	0.9999	5.41E-19	2.33E-15	0	0
68	V	VGTVHLPATKPEVEVEPEAAFDVDVEIEDDVQDEAEPEDKA	-		C(193) H(298) N(46) O(75) S(0)	SO_2201	expressed protein of unknown function	152	112	152	4	1116.531919	4460.091862	43	1	9.99E-308	9.99E-308	0	0
69	-	MQNQRIRIRLKGFDHRLIDQSTAEIVETAKRTGAQVRGPIPLPTRKERYTVLISPHVNKDARDQYELRTHKRLVDIVEPTEKTVDALMRLDLA	A		C(472) H(792) N(148) O(139) S(2)	SO_0230	ribosomal protein S10, RpsJ	103	1	93	14	774.4294039	10821.88965	28	0.9983	2.11E-14	9.06E-11	0	0
71	-	MQNQRIRIRLKGFDHRLIDQSTAEIVETAKRTGAQVRGPIPLPTRKERYTVLISPHVNKDARDQYELRTHKRLVDIVEPTEKTVDALMRLDLA	A		C(472) H(792) N(148) O(139) S(2)	SO_0230	ribosomal protein S10, RpsJ	103	1	93	13	833.9234137	10821.88965	25	0.9705	6.64E-12	2.86E-08	0	0
74	-	MTKSELIEKLATRQSQLSAKEVEGAIKEMLEQMATTLESGDRIEIRGFGSFSLHYRAPRTGRNPKTGSSVELEGKYVPHFKPGKELRERVDAVNV	-	Oxidation 29,Oxidation 33	C(463) H(760) N(136) O(147) S(3)	SO_2401	integration host factor, beta subunit, IhfB	95	1	95	10	1068.962665	10673.53375	45	1	1.27E-31	5.44E-28	0	0
75	Q	GVDIQHLPFHRALTKAEQADMGQLKKSVKGLVVVHPMTALGREMGLTEVTGFAPAKF	-		C(276) H(449) N(77) O(76) S(3)	SO_2832	expressed protein of unknown function	118	62	118	7	880.6201232	6154.279863	35	1	3.32E-21	1.43E-17	0	0
76	-	MYAVFQSGGKQHRVAPGHTVRLEKLEVATGSTVEFDQVLLIADGEKVHVGAPLVAGGKVVAEVVSHGRGEKVTIVKFRRRKHHDKKLGHRQWFTEVKITAINA	-		C(508) H(824) N(154) O(139) S(1)	SO_3652	ribosomal protein L21, RplU	103	1	103	11	1032.298782	11338.18643	32	1	9.77E-26	4.20E-22	0	0
81	-	MQGSVTEFLKPRLVDIEQVNSTRAKVTLEPLERGFGHTL	G		C(194) H(319) N(55) O(59) S(1)	SO_0256	DNA-directed RNA polymerase, alpha subunit, RpoA	329	1	39	7	629.1992764	4395.33729	16	0.4802	2.35E-13	1.01E-09	0	0
83	M	SGWYELSKSSNDQFKFVLKAGNGEVILTSELYTGKSGAMNGIESVQTNSPIEARYAKEVAKNDKPYFNLKAANHQIIGTSQMYSSTA	A		C(420) H(654) N(112) O(136) S(2)	SO_3888	expressed tandem DUF1508 repeat protein of unknown function	110	2	88	10	952.1803931	9506.714392	31	1	3.73E-27	1.60E-23	0	0
85	M	SGWYELSKSSNDQFKFVLKAGNGEVILTSELYTGKSGAMNGIESVQTNSPIEARYAKEVAKNDKPYFNLKAANHQIIGTSQMYSSTA	A		C(420) H(654) N(112) O(136) S(2)	SO_3888	expressed tandem DUF1508 repeat protein of unknown function	110	2	88	7	1359.826015	9506.714392	82	1	4.52E-57	1.94E-53	0	0
86	Q	GVDIQHLPFHRALTKAEQADMGQLKKSVKGLVVVHPMTALGREMGLTEVTGFAPAKF	-		C(276) H(449) N(77) O(76) S(3)	SO_2832	expressed protein of unknown function	118	62	118	7	880.6201232	6154.279863	34	1	2.30E-21	9.87E-18	0	0
88	V	MVNGRVVNIPSFKVSANDVVSIREKSRTQARIKAALEVAAQREKPTWVEVDSAKMEGAFKRIPERSDLSAEINEQLIVELYSK	-		C(408) H(677) N(119) O(126) S(2)	SO_0255	ribosomal protein S4, RpsD	206	124	206	10	933.9056279	9323.966739	28	1	8.51E-32	3.66E-28	0	0
89	A	DELATTGCAAKLATINAELAEAKAAGNQHKVAGLEKAYAEVVNHCADDRLAVERLAKVEALEVKLAERQHELTEAIADGKPMDKINKKRQKIAEVESELAKVRAELTQ	-	Dehydro 8,Dehydro 45	C(503) H(845) N(149) O(164) S(3)	SO_0119	periplasmic protein of unknown function DUF1090	130	23	130	9	1301.026818	11693.15239	53	1	1.77E-50	7.60E-47	0	0
91	M	SGWYELSKSSNDQFKFVLKAGNGEVILTSELYTGKSGAMNGIESVQTNSPIEARYAKEVAKNDKPYFNLKAANHQIIGTSQMYSSTA	A		C(420) H(654) N(112) O(136) S(2)	SO_3888	expressed tandem DUF1508 repeat protein of unknown function	110	2	88	9	1057.866295	9506.714392	32	1	2.68E-28	1.15E-24	0	0
93	A	DELATTGCAAKLATINAELAEAKAAGNQHKVAGLEKAYAEVVNHCADDRLAVERLAKVEALEVKLAERQHELTEAIADGKPMDKINKKRQKIAEVESELAKVRAELTQ	-	Dehydro 8,Dehydro 45	C(503) H(845) N(149) O(164) S(3)	SO_0119	periplasmic protein of unknown function DUF1090	130	23	130	14	836.7341248	11693.15239	22	0.8962	2.29E-10	9.85E-07	0	0
95	V	MVNGRVVNIPSFKVSANDVVSIREKSRTQARIKAALEVAAQREKPTWVEVDSAKMEGAFKRIPERSDLSAEINEQLIVELYSK	-		C(408) H(677) N(119) O(126) S(2)	SO_0255	ribosomal protein S4, RpsD	206	124	206	9	1037.561	9323.966739	53	1	1.24E-59	5.34E-56	0	0
98	-	MKASELREKSVEELNAELLGLLREQFNLRMQHATGQLTQTHQLKLVRRNIARVKTIITSKAGA	-	Oxidation 30	C(310) H(534) N(98) O(93) S(2)	SO_0239	ribosomal protein L29, RpmC	63	1	63	8	899.2528317	7181.951023	41	1	1.36E-38	5.87E-35	0	0
99	V	MVNGRVVNIPSFKVSANDVVSIREKSRTQARIKAALEVAAQREKPTWVEVDSAKMEGAFKRIPERSDLSAEINEQLIVELYSK	-		C(408) H(677) N(119) O(126) S(2)	SO_0255	ribosomal protein S4, RpsD	206	124	206	12	778.4225693	9323.966739	25	1	1.91E-27	8.23E-24	0	0
100	A	DELATTGCAAKLATINAELAEAKAAGNQHKVAGLEKAYAEVVNHCADDRLAVERLAKVEALEVKLAERQHELTEAIADGKPMDKINKKRQKIAEVESELAKVRAELTQ	-	Dehydro 8,Dehydro 45	C(503) H(845) N(149) O(164) S(3)	SO_0119	periplasmic protein of unknown function DUF1090	130	23	130	12	976.0219328	11693.15239	32	1	4.92E-22	2.11E-18	0	0
103	V	MVNGRVVNIPSFKVSANDVVSIREKSRTQARIKAALEVAAQREKPTWVEVDSAKMEGAFKRIPERSDLSAEINEQLIVELYSK	-		C(408) H(677) N(119) O(126) S(2)	SO_0255	ribosomal protein S4, RpsD	206	124	206	8	1167.130216	9323.966739	42	1	5.41E-31	2.33E-27	0	0
104	-	MKASELREKSVEELNAELLGLLREQFNLRMQHATGQLTQTHQLKLVRRNIARVKTIITSKAGA	-	Oxidation 30	C(310) H(534) N(98) O(93) S(2)	SO_0239	ribosomal protein L29, RpmC	63	1	63	11	654.2767712	7181.951023	38	1	3.15E-38	1.36E-34	0	0
105	-	MKASELREKSVEELNAELLGLLREQFNLRMQHATGQLTQTHQLKLVRRNIARVKTIITSKAGA	-	Oxidation 30	C(310) H(534) N(98) O(93) S(2)	SO_0239	ribosomal protein L29, RpmC	63	1	63	6	1198.668017	7181.951023	29	0.4787	2.46E-11	1.06E-07	0	0
106	-	MKASELREKSVEELNAELLGLLREQFNLRMQHATGQLTQTHQLKLVRRNIARVKTIITSKAGA	-	Oxidation 30	C(310) H(534) N(98) O(93) S(2)	SO_0239	ribosomal protein L29, RpmC	63	1	63	8	899.2528317	7181.951023	35	1	3.31E-37	1.42E-33	0	0
108	V	MVNGRVVNIPSFKVSANDVVSIREKSRTQARIKAALEVAAQREKPTWVEVDSAKMEGAFKRIPERSDLSAEINEQLIVELYSK	-		C(408) H(677) N(119) O(126) S(2)	SO_0255	ribosomal protein S4, RpsD	206	124	206	11	849.0966868	9323.966739	23	1	7.24E-24	3.11E-20	0	0
109	A	DELATTGCAAKLATINAELAEAKAAGNQHKVAGLEKAYAEVVNHCADDRLAVERLAKVEALEVKLAERQHELTEAIADGKPMDKINKKRQKIAEVESELAKVRAELTQ	-	Dehydro 8,Dehydro 45	C(503) H(845) N(149) O(164) S(3)	SO_0119	periplasmic protein of unknown function DUF1090	130	23	130	11	1064.659629	11693.15239	44	1	1.13E-34	4.85E-31	0	0
110	A	DELATTGCAAKLATINAELAEAKAAGNQHKVAGLEKAYAEVVNHCADDRLAVERLAKVEALEVKLAERQHELTEAIADGKPMDKINKKRQKIAEVESELAKVRAELTQ	-	Dehydro 8,Dehydro 45	C(503) H(845) N(149) O(164) S(3)	SO_0119	periplasmic protein of unknown function DUF1090	130	23	130	10	1171.024864	11693.15239	41	1	2.36E-32	1.02E-28	0	0
113	M	SGWYELSKSSNDQFKFVLKAGNGEVILTSELYTGKSGAMNGIESVQTNSPIEARYAKEVAKNDKPYFNLKAANHQIIGTSQMYS	S		C(410) H(637) N(109) O(131) S(2)	SO_3888	expressed tandem DUF1508 repeat protein of unknown function	110	2	85	10	926.268711	9247.597571	17	0.536	1.64E-10	7.03E-07	0	0
118	A	DELATTGCAAKLATINAELAEAKAAGNQHKVAGLEKAYAEVVNHCADDRLAVERLAKVEALEVKLAERQHELTEAIADGKPMDKINKKRQKIAEVESELAKVRAELTQ	-	Dehydro 8,Dehydro 45	C(503) H(845) N(149) O(164) S(3)	SO_0119	periplasmic protein of unknown function DUF1090	130	23	130	8	1463.529261	11693.15239	43	1	1.05E-35	4.51E-32	0	0
119	-	MLILTRRVGETLMIGDEVTVTVLGVKGNQVRIGVNAPKEVSVHREEIYQRIQSE	K	Oxidation 1	C(263) H(448) N(78) O(82) S(2)	SO_3426	carbon storage regulator, CsrA	65	1	54	7	869.3333612	6075.272529	43	1	5.75E-39	2.47E-35	0	0
120	T	QARIKAALEVAAQREKPTWVEVDSAKMEGAFKRIPERSDLSAEINEQLIVELYSK	-		C(275) H(451) N(77) O(86) S(1)	SO_0255	ribosomal protein S4, RpsD	206	152	206	6	1041.55904	6240.300518	56	1	9.99E-308	9.99E-308	0	0
123	T	QARIKAALEVAAQREKPTWVEVDSAKMEGAFKRIPERSDLSAEINEQLIVELYSK	-		C(275) H(451) N(77) O(86) S(1)	SO_0255	ribosomal protein S4, RpsD	206	152	206	9	694.7084523	6240.300518	19	0.9958	1.20E-16	5.18E-13	0	0
125	-	MLILTRRVGETLMIGDEVTVTVLGVKGNQVRIGVNAPKEVSVHRE	E	Oxidation 13	C(213) H(370) N(64) O(65) S(2)	SO_3426	carbon storage regulator, CsrA	65	1	45	7	705.3947481	4928.705591	30	1	1.25E-36	5.36E-33	0	0
129	-	MFPEYRDLISTLKTQDAHFQRKFNEHNQLDEEIKQLEKRVGSDFNPAVKELKSKKLHLKEEIY	Q		C(342) H(540) N(94) O(102) S(1)	SO_4134	protein of unknown function DUF465	70	1	63	8	955.0049336	7627.967838	32	1	2.58E-21	1.11E-17	0	0
131	A	GEYQLDWHVSGEELIYHSCGCADSCWVAEVRQAKAEIPLIAKLRCDCEKLYFTDKTGVERVVAENCDDLNTDNKMDLIPERIKQLQSHFITPH	-	Dehydro 19,Dehydro 45,Dehydro 47,Dehydro 66	C(466) H(722) N(128) O(146) S(7)	SO_1027	hypothetical periplasmic protein	114	22	114	8	1335.64794	10671.10518	29	0.9994	6.06E-15	2.61E-11	0	0
134	D	SFIAAVTEGLKEGDKISLVGFGTFEVRERAERTGRNPQTGEEIKIAAAKIPAFKAGKALKDAVN	-		C(302) H(496) N(86) O(92) S(0)	SO_1797	histone-like DNA-binding protein, HupB	90	27	90	8	851.4686698	6799.677727	43	1	3.16E-28	1.36E-24	0	0
138	M	SGWYELSKSSNDQFKFVLKAGNGEVILTSELYTGKSGAMNGIESVQTNSPIEARYAKEVAKNDKPYFNLKAA	N		C(352) H(548) N(92) O(112) S(1)	SO_3888	expressed tandem DUF1508 repeat protein of unknown function	110	2	73	9	877.8947049	7887.973436	44	1	3.29E-37	1.41E-33	0	0
139	-	MLILTRRVGETLMIGDEVTVTVLGVKGNQVRIGVNAPKEVSVHREEIYQRIQSEKSGTPSEGGNF	-	Oxidation 13	C(308) H(515) N(91) O(99) S(2)	SO_3426	carbon storage regulator, CsrA	65	1	65	8	893.6027435	7136.750317	42	1	3.25E-43	1.40E-39	0	0
140	M	SGWYELSKSSNDQFKFVLKAGNGEVILTSELYTGKSGAMNGIESVQTNSPIEARYAKEVAKNDKPYFNLKAA	N		C(352) H(548) N(92) O(112) S(1)	SO_3888	expressed tandem DUF1508 repeat protein of unknown function	110	2	73	7	1128.43397	7887.973436	85	1	3.42E-66	1.47E-62	0	0
141	M	SGWYELSKSSNDQFKFVLKAGNGEVILTSELYTGKSGAMNGIESVQTNSPIEARYAKEVAKNDKPYFNLKAA	N		C(352) H(548) N(92) O(112) S(1)	SO_3888	expressed tandem DUF1508 repeat protein of unknown function	110	2	73	8	987.5056335	7887.973436	50	1	3.77E-45	1.62E-41	0	0
143	A	GEYQLDWHVSGEELIYHSCGCADSCWVAEVRQAKAEIPLIAKLRCDCEKLYFTDKTGVERVVAENCDDLNTDNKMDLIPERIKQLQSHFITPH	-	Dehydro 19,Dehydro 21,Dehydro 25,Dehydro 45	C(466) H(722) N(128) O(146) S(7)	SO_1027	hypothetical periplasmic protein	114	22	114	7	1526.310892	10671.10518	20	0.8525	2.81E-13	1.21E-09	0	0
144	H	GDNKVAVIKAIRGATGLGLKEAKAMSEAAPVAVKEGVSKEEAEALKKELVEAGASVEIK	-	Oxidation 25	C(261) H(452) N(72) O(86) S(1)	SO_0223	ribosomal protein L7	122	64	122	7	859.0505675	6003.292973	37	1	2.55E-26	1.10E-22	0	0
146	M	SGWYELSKSSNDQFKFVLKAGNGEVILTSELYTGKSGAMNGIESVQTNSPIEARYAKEVAKNDKPYFNLKAA	N		C(352) H(548) N(92) O(112) S(1)	SO_3888	expressed tandem DUF1508 repeat protein of unknown function	110	2	73	6	1316.338419	7887.973436	79	1	2.80E-65	1.20E-61	0	0
150	G	ETLMIGDEVTVTVLGVKGNQVRIGVNAPKEVSVHREEIYQRIQSEKSGTPSEGGNF	-	Oxidation 4	C(262) H(430) N(76) O(89) S(1)	SO_3426	carbon storage regulator, CsrA	65	10	65	6	1017.695264	6097.117862	15	0.5985	1.63E-12	7.00E-09	0	0
154	M	SNAPVDTGRRRFLTAATAVVGGAGAVAVAVPFIKSWNPSAKAKAAGAPVEVNISKVEPGQLIRVEWRGKPVWVVRRTEAVINELPTHDAQLRD	P		C(442) H(717) N(133) O(125) S(0)	SO_0608	ubiquinol-cytochrome c reductase, FeS subunit, PetA	196	2	94	10	990.4476615	9888.383721	35	1	6.10E-26	2.62E-22	0	0
155	-	MKASELREKSVEELNAELLGLLREQFNLRMQHATGQLTQTHQLKLVRRNIARVKTIITSKAGA	-	Oxidation 30	C(310) H(534) N(98) O(93) S(2)	SO_0239	ribosomal protein L29, RpmC	63	1	63	7	1027.573625	7181.951023	22	0.9999	1.93E-17	8.30E-14	0	0
158	M	SNAPVDTGRRRFLTAATAVVGGAGAVAVAVPFIKSWNPSAKAK	A		C(193) H(314) N(58) O(54) S(0)	SO_0608	ubiquinol-cytochrome c reductase, FeS subunit, PetA	196	2	44	6	719.4018519	4308.360743	20	1	1.20E-20	5.17E-17	0	0
159	-	MFPEYRDLISTLKTQDAHFQRKFNEHNQLDEEIKQLEKRVGSDFNPAVKELKSK	K		C(287) H(453) N(81) O(88) S(1)	SO_4134	protein of unknown function DUF465	70	1	54	10	648.7401122	6474.318293	34	1	3.16E-26	1.36E-22	0	0
160	A	HNFEDAKDAIQYRQSGFSLIAYNFGDMGAMMKGKKPFDAETFAMRAKN	V		C(241) H(364) N(66) O(71) S(4)	SO_3420	monoheme cytochrome c-prime	149	21	68	6	909.2720236	5446.578418	27	1	4.70E-29	2.02E-25	0	0
161	M	SNAPVDTGRRRFLTAATAVVGGAGAVAVAVPFIKSWNPSAKAKAAGAPVEVNISKVEPGQLIRVEWRGKPVWVVRRTEAVINELPTHDAQLRD	P		C(442) H(717) N(133) O(125) S(0)	SO_0608	ubiquinol-cytochrome c reductase, FeS subunit, PetA	196	2	94	12	825.5409306	9888.383721	26	1	4.13E-31	1.78E-27	0	0
163	F	NSDKGFGFIEQESGPDVFVHFRAINSDGFKTLDEGQKVSFTVTQGQKGPQAENVTVIG	-		C(277) H(423) N(75) O(91) S(0)	SO_2787	cold shock protein, CspA	69	12	69	6	1044.188582	6256.077771	24	1	2.14E-36	9.22E-33	0	0
164	-	MFPEYRDLISTLKTQDAHFQRKFNEHNQLDEEIKQLEKRVGSDFNPAVKELKSK	K		C(287) H(453) N(81) O(88) S(1)	SO_4134	protein of unknown function DUF465	70	1	54	6	1080.562003	6474.318293	52	1	5.97E-54	2.57E-50	0	0
165	M	SNAPVDTGRRRFLTAATAVVGGAGAVAVAVPFIKSWNPSAKAKAA	G		C(199) H(324) N(60) O(56) S(0)	SO_0608	ubiquinol-cytochrome c reductase, FeS subunit, PetA	196	2	46	6	743.0808899	4450.434971	32	1	3.22E-41	1.38E-37	0	0
168	-	MLILTRRVGETLMIGDEVTVTVLGVKGNQVRIGVNAPKEVSVHREEIYQRIQSEKSGTPSEGGNF	-	Oxidation 13	C(308) H(515) N(91) O(99) S(2)	SO_3426	carbon storage regulator, CsrA	65	1	65	7	1021.116382	7136.750317	40	1	1.53E-39	6.58E-36	0	0
169	M	SNAPVDTGRRRFLTAATAVVGGAGAVAVAVPFIKSWNPSAKAKAAGAPVEVNISKVEPGQLIRVEWRGKPVWVVRRTEAVINELPTHDAQLRDPA	S		C(450) H(729) N(135) O(127) S(0)	SO_0608	ubiquinol-cytochrome c reductase, FeS subunit, PetA	196	2	96	11	915.7794335	10056.4736	28	1	4.71E-34	2.03E-30	0	0
170	-	MFPEYRDLISTLKTQDAHFQRKFNEHNQLDEEIKQLEKRVGSDFNPAVKELKSK	K		C(287) H(453) N(81) O(88) S(1)	SO_4134	protein of unknown function DUF465	70	1	54	11	589.855309	6474.318293	34	1	6.75E-30	2.90E-26	0	0
173	-	MLILTRRVGETLMIGDEVTVTVLGVKGNQVRIGVNAPKEVSVHREEIYQRIQSEKS	G		C(272) H(465) N(81) O(84) S(2)	SO_3426	carbon storage regulator, CsrA	65	1	56	7	897.7808008	6274.404606	37	1	4.68E-33	2.01E-29	0	0
176	-	MLILTRRVGETLMIGDEVTVTVLGVKGNQVRIGVNAPKEVSVHREEIYQRIQSEKSGTPSEGGNF	-	Oxidation 1	C(308) H(515) N(91) O(99) S(2)	SO_3426	carbon storage regulator, CsrA	65	1	65	8	893.6027435	7136.750317	37	1	5.86E-46	2.52E-42	0	0
178	-	MLILTRRVGETLMIGDEVTVTVLGVKGNQVRIGVNAPKEVSVHREEIYQRIQSEKS	G		C(272) H(465) N(81) O(84) S(2)	SO_3426	carbon storage regulator, CsrA	65	1	56	6	1047.243055	6274.404606	57	1	1.94E-43	8.33E-40	0	0
179	-	MLILTRRVGETLMIGDEVTVTVLGVKGNQVRIGVNAPKEVSVHREEIYQRIQSEKS	G		C(272) H(465) N(81) O(84) S(2)	SO_3426	carbon storage regulator, CsrA	65	1	56	9	698.4977954	6274.404606	37	1	5.34E-50	2.30E-46	0	0
183	M	AKLHDKYQETVVAELTQKFGYTSVMQVPRIE	K		C(162) H(258) N(42) O(49) S(1)	SO_0243	ribosomal protein L5, RplE	179	2	32	4	903.4766676	3607.870855	28	1	9.99E-308	9.99E-308	0	0
190	-	MLILTRRVGETLMIGDEVTVTVLGVKGNQVRIGVNAPKEVSVHREEIYQRIQSEKS	G		C(272) H(465) N(81) O(84) S(2)	SO_3426	carbon storage regulator, CsrA	65	1	56	5	1256.490211	6274.404606	62	1	1.14E-41	4.90E-38	0	0
193	-	MLILTRRVGETLMIGDEVTVTVLGVKGNQVRIGVNAPKEVSVHREEIYQRIQSEK	S		C(269) H(460) N(80) O(82) S(2)	SO_3426	carbon storage regulator, CsrA	65	1	55	7	885.3476539	6187.372577	42	1	6.94E-41	2.98E-37	0	0
194	-	MLILTRRVGETLMIGDEVTVTVLGVKGNQVRIGVNAPKEVSVHREEIYQRIQSEKSGTPSEGGNF	-		C(308) H(515) N(91) O(98) S(2)	SO_3426	carbon storage regulator, CsrA	65	1	65	9	792.6482567	7120.755402	19	1	4.02E-19	1.73E-15	0	0
195	M	SNAPVDTGRRRFLTAATAVVGGAGAVAVAVPFIKSWNPSAKAKAAGAPVEVN	I		C(228) H(370) N(68) O(66) S(0)	SO_0608	ubiquinol-cytochrome c reductase, FeS subunit, PetA	196	2	53	6	854.3037307	5116.768661	27	1	2.34E-26	1.01E-22	0	0
196	Q	NLDVVRVDVERNLLLVKGAVPGATNGDLIIKPAVKA	-		C(168) H(292) N(48) O(49) S(0)	SO_0231	ribosomal protein L3, RplC	212	177	212	5	754.6452742	3766.183279	42	1	8.20E-35	3.53E-31	0	0
198	M	SNAPVDTGRRRFLTAATAVVGGAGAVAVAVPFIKSWNPSAKAK	A		C(193) H(314) N(58) O(54) S(0)	SO_0608	ubiquinol-cytochrome c reductase, FeS subunit, PetA	196	2	44	5	863.080767	4308.360743	20	0.9977	1.27E-19	5.46E-16	0	0
203	-	MLILTRRVGETLMIGDEVTVTVLGVKGNQVRIGVNAPKEVSVHREEIYQRIQSEKSGTPSEGGNF	-		C(308) H(515) N(91) O(98) S(2)	SO_3426	carbon storage regulator, CsrA	65	1	65	6	1188.468747	7120.755402	74	1	3.70E-60	1.59E-56	0	0
208	-	MLILTRRVGETLMIGDEVTVTVLGVKGNQVRIGVNAPKEVSVHREEIYQRIQSEKSGTPSEGGNF	-		C(308) H(515) N(91) O(98) S(2)	SO_3426	carbon storage regulator, CsrA	65	1	65	8	891.6033792	7120.755402	52	1	2.62E-40	1.13E-36	0	0
209	-	MLILTRRVGETLMIGDEVTVTVLGVKGNQVRIGVNAPKEVSVHREEIYQRIQSEKSGTPSEGGNF	-		C(308) H(515) N(91) O(98) S(2)	SO_3426	carbon storage regulator, CsrA	65	1	65	5	1425.961041	7120.755402	68	1	1.09E-39	4.69E-36	0	0
213	-	MLILTRRVGETLMIGDEVTVTVLGVKGNQVRIGVNAPKEVSVHREEIYQRIQSEK	S		C(269) H(460) N(80) O(82) S(2)	SO_3426	carbon storage regulator, CsrA	65	1	55	6	1032.737717	6187.372577	28	1	6.40E-25	2.75E-21	0	0
218	-	MLILTRRVGETLMIGDEVTVTVLGVKGNQVRIGVNAPKEVSVHREEIYQRIQSEKSGTPSEGGNF	-		C(308) H(515) N(91) O(98) S(2)	SO_3426	carbon storage regulator, CsrA	65	1	65	10	713.4841586	7120.755402	20	1	1.34E-24	5.78E-21	0	0
225	-	MLILTRRVGETLMIGDEVTVTVLGVKGNQVRIGVNAPKEVSVHREEIYQRIQSEKSGTPSEGGNF	-		C(308) H(515) N(91) O(98) S(2)	SO_3426	carbon storage regulator, CsrA	65	1	65	10	713.4841586	7120.755402	9	0.0872	8.63E-12	3.71E-08	0	0
241	L	GQILGPRGLMPNPKTGTVTPNVAEAVKNAKAGQVRYRNDKNGIIHTTIGKVDFTPVQLKENLEALISALKKAKPAVAKGVYVKKVSISTTMGAGVAVDQASLETAN	-		C(488) H(822) N(140) O(147) S(2)	SO_0221	ribosomal protein L1, RplA	233	128	233	11	1007.014482	11060.05913	23	0.9999	3.17E-21	1.36E-17	0	0
243	-	MFPEYRDLISTLKTQDAHFQRKFNEHNQLDEEIKQLEKRVGSDFNPAVKELKSKKLHLKEEIYQILKSHS	-	Oxidation 1	C(377) H(599) N(105) O(113) S(1)	SO_4134	protein of unknown function DUF465	70	1	70	10	845.2496929	8437.40739	43	1	3.97E-33	1.71E-29	0	0
244	-	MFPEYRDLISTLKTQDAHFQRKFNEHNQLDEEIKQLEKRVGSDFNPAVKELKSKKLHLKEEIYQILKSHS	-	Oxidation 1	C(377) H(599) N(105) O(113) S(1)	SO_4134	protein of unknown function DUF465	70	1	70	9	939.0544058	8437.40739	55	1	1.98E-50	8.51E-47	0	0
246	M	SKGKKYDFRVTQAENGWKTEITRRMTSTKTVVSKSHDGFATEAEAQAWGQAELQVFLGTLVERNKRRSEKQAKAKLAAALAAEAATDADDFDDEDEFD	E		C(472) H(745) N(137) O(159) S(1)	SO_0808	conserved protein of unknown function	101	2	99	9	1213.722211	10908.41429	25	1	2.16E-20	9.29E-17	0	0
250	M	ALRLEDKKAIVAEVNEAAKGALSAVAADSRGVTVGAMTGLRKKA	R		C(190) H(335) N(59) O(60) S(1)	SO_0222	ribosomal protein L10, RplJ	166	2	45	7	634.932478	4435.469701	17	0.3931	7.03E-14	3.02E-10	0	0
251	-	MFPEYRDLISTLKTQDAHFQRKFNEHNQLDEEIKQLEKRVGSDFNPAVKELKSKKLHLKEEIYQILKSHS	-	Oxidation 1	C(377) H(599) N(105) O(113) S(1)	SO_4134	protein of unknown function DUF465	70	1	70	9	939.0544058	8437.40739	74	1	6.74E-73	2.90E-69	0	0
253	-	MFPEYRDLISTLKTQDAHFQRKFNEHNQLDEEIKQLEKRVGSDFNPAVKELKSKKLHLKEEIYQILKSHS	-	Oxidation 1	C(377) H(599) N(105) O(113) S(1)	SO_4134	protein of unknown function DUF465	70	1	70	13	650.4245199	8437.40739	46	1	1.19E-46	5.12E-43	0	0
254	M	SYTITAQTRTEIGKGSSRRLRHAGKVPAVIYGAGKEPVSIVFDHKDIINAQANDDFYTSVVTIVLDGKEVGVRAQAMQRH	A		C(383) H(621) N(115) O(117) S(1)	SO_2112	ribosomal protein L25, RplY	95	2	81	9	972.1858002	8735.589939	49	1	1.29E-49	5.53E-46	0	0
255	A	KHDNDKKDKDLPPGLQKKVDNGQPLPPGWQRKLRRGDILDDDIYDRGRVVVPLDRDGRISIQVEGSIIKLDEKSRKILDIVNIITD	-		C(431) H(720) N(130) O(133) S(0)	SO_1968	putative periplasmic protein	110	25	110	8	1232.429454	9845.357291	49	1	1.12E-39	4.83E-36	0	0
256	-	MFPEYRDLISTLKTQDAHFQRKFNEHNQLDEEIKQLEKRVGSDFNPAVKELKSKKLHLKEEIYQILKSHS	-	Oxidation 1	C(377) H(599) N(105) O(113) S(1)	SO_4134	protein of unknown function DUF465	70	1	70	7	1207.067871	8437.40739	53	1	4.21E-42	1.81E-38	0	0
258	M	SYTITAQTRTEIGKGSSRRLRHAGKVPAVIYGAGKEPVSIVFDHKDIINAQANDDFYTSVVTIVLDGKEVGVRAQAMQRH	A		C(383) H(621) N(115) O(117) S(1)	SO_2112	ribosomal protein L25, RplY	95	2	81	10	875.0679478	8735.589939	34	1	1.08E-36	4.64E-33	0	0
259	M	SYTITAQTRTEIGKGSSRRLRHAGKVPAVIYGAGKEPVSIVFDHKDIINAQANDDFYTSVVTIVLDGKEVGVRAQAMQRH	A		C(383) H(621) N(115) O(117) S(1)	SO_2112	ribosomal protein L25, RplY	95	2	81	8	1093.583116	8735.589939	68	1	2.24E-62	9.64E-59	0	0
260	M	SYTITAQTRTEIGKGSSRRLRHAGKVPAVIYGAGKEPVSIVFDHKDIINAQANDDFYTSVVTIVLDGKEVGVRAQAMQRH	A		C(383) H(621) N(115) O(117) S(1)	SO_2112	ribosomal protein L25, RplY	95	2	81	12	729.3911693	8735.589939	42	1	1.33E-38	5.70E-35	0	0
261	M	SYTITAQTRTEIGKGSSRRLRHAGKVPAVIYGAGKEPVSIVFDHKDIINAQANDDFYTSVVTIVLDGKEVGVRAQAMQRH	A		C(383) H(621) N(115) O(117) S(1)	SO_2112	ribosomal protein L25, RplY	95	2	81	7	1249.665378	8735.589939	78	1	1.86E-77	7.98E-74	0	0
263	A	KHDNDKKDKDLPPGLQKKVDNGQPLPPGWQRKLRRGDILDDDIYDRGRVVVPLDRDGRISIQVEGSIIKLDEKSRKILDIVNIITD	-		C(431) H(720) N(130) O(133) S(0)	SO_1968	putative periplasmic protein	110	25	110	10	986.1450185	9845.357291	42	1	3.75E-23	1.61E-19	0	0
265	M	SYTITAQTRTEIGKGSSRRLRHAGKVPAVIYGAGKEPVSIVFDHKDIINAQANDDFYTSVVTIVLDGKEVGVRAQAMQRH	A		C(383) H(621) N(115) O(117) S(1)	SO_2112	ribosomal protein L25, RplY	95	2	81	8	1093.583116	8735.589939	57	1	1.41E-35	6.05E-32	0	0
266	H	ALRLKDLVKKTERQLSDYQRQLSMVKTTESVQKATATITDSFASSNSKLLNAKDSLERIKARQQQFDDRLKAAETLAEEGSDKSLQAKLAEAGIGEQKSNANAVLERIKARKS	-		C(535) H(912) N(164) O(179) S(1)	SO_3765	PspA	229	117	229	15	836.8556659	12530.70236	46	1	1.89E-28	8.15E-25	0	0
268	A	KHDNDKKDKDLPPGLQKKVDNGQPLPPGWQRKLRRGDILDDDIYDRGRVVVPLDRDGRISIQVEGSIIKLDEKSRKILDIVNIITD	-		C(431) H(720) N(130) O(133) S(0)	SO_1968	putative periplasmic protein	110	25	110	13	758.8055396	9845.357291	20	0.7712	5.68E-11	2.44E-07	0	0
269	A	KHDNDKKDKDLPPGLQKKVDNGQPLPPGWQRKLRRGDILDDDIYDRGRVVVPLDRDGRISIQVEGSIIKLDEKSRKILDIVNIITD	-		C(431) H(720) N(130) O(133) S(0)	SO_1968	putative periplasmic protein	110	25	110	7	1408.346908	9845.357291	35	1	2.15E-20	9.25E-17	0	0
271	A	QQPIIVSYAVQPVSHFNQQLRIAQEQHQAWSTDPTAISSQYAGNKFTLVRTQPTKNGVFTYQVSEISKQHPQMLLILSLKKDAQRWQVDSAQLAWKCSEGQHFGTDRCNIGEHEASTAP	-	Dehydro 97,Dehydro 108	C(593) H(917) N(171) O(181) S(3)	SO_1317	hypothetical periplasmic protein	142	24	142	14	960.5589772	13425.69697	17	0.8705	2.24E-09	9.64E-06	0	0
273	M	SYTITAQTRTEIGKGSSRRLRHAGKVPAVIYGAGKEPVSIVFDHKDIINAQANDDFYTSVVTIVLDGKEVGVRAQAMQRH	A		C(383) H(621) N(115) O(117) S(1)	SO_2112	ribosomal protein L25, RplY	95	2	81	13	673.3616391	8735.589939	34	1	1.25E-28	5.39E-25	0	0
275	M	AIKSFSHKKLKQFYFNDDASGLNPNHLKALSFALDAIDSSHHPKDLKGIYSHKFSEKKGSGEGVYSIEINGNWRLTFQIDDDGAILLDYVDYHGKQIKAR	-		C(513) H(781) N(139) O(151) S(0)	SO_A0022	plasmid maintenance system toxin protein, HigB	101	2	101	13	871.0681131	11304.77075	31	1	2.64E-21	1.14E-17	0	0
278	-	MFPEYRDLISTLKTQDAHFQRKFNEHNQLDEEIKQLEKRVGSDFNPAVKELK	S		C(278) H(436) N(78) O(85) S(1)	SO_4134	protein of unknown function DUF465	70	1	52	8	783.7824472	6259.191302	36	1	2.76E-18	1.19E-14	0	0
279	H	ALRLKDLVKKTERQLSDYQRQLSMVKTTESVQKATATITDSFASSNSKLLNAKDSLERIKARQQQFDDRLKAAETLAEEGSDKSLQAKLAEAGIGEQKSNANAVLERIKARKS	-		C(535) H(912) N(164) O(179) S(1)	SO_3765	PspA	229	117	229	13	965.4477258	12530.70236	53	1	4.55E-40	1.95E-36	0	0
280	H	ALRLKDLVKKTERQLSDYQRQLSMVKTTESVQKATATITDSFASSNSKLLNAKDSLERIKARQQQFDDRLKAAETLAEEGSDKSLQAKLAEAGIGEQKSNANAVLERIKARKS	-		C(535) H(912) N(164) O(179) S(1)	SO_3765	PspA	229	117	229	17	738.5205613	12530.70236	31	1	1.03E-19	4.45E-16	0	0
281	V	GAMTHPTTKVGKIEASIAGNTVTAVGAGFNKSNAYSFTNTVAPIVYPAANKNGCTAYTEDLTGKTVLIDRGTCGFVVKVL	N	Dehydro 54,Dehydro 73	C(362) H(579) N(97) O(113) S(3)	SO_3800	surface-associated serine protease	1215	342	421	7	1171.462113	8189.170439	51	1	1.41E-38	6.05E-35	0	0
283	-	MFPEYRDLISTLKTQDAHFQRKFNEHNQLDEEIKQLEKRVGSDFNPAVKELKSKKLHLKEEIYQILKSHS	-	Oxidation 1	C(377) H(599) N(105) O(113) S(1)	SO_4134	protein of unknown function DUF465	70	1	70	12	704.5426235	8437.40739	41	1	1.07E-31	4.58E-28	0	0
284	-	MKASELREKSVEELNAELLGLLREQFNLRMQHATGQLTQTHQLKLVRRNIARVKTIITSKAGA	-		C(310) H(534) N(98) O(92) S(2)	SO_0239	ribosomal protein L29, RpmC	63	1	63	11	652.8226881	7165.956108	50	1	3.59E-55	1.54E-51	0	0
286	-	MFPEYRDLISTLKTQDAHFQRKFNEHNQLDEEIKQLEKRVGSDFNPAVKELKSKKLHLKEEIYQILKSHS	-		C(377) H(599) N(105) O(112) S(1)	SO_4134	protein of unknown function DUF465	70	1	70	10	843.6502014	8421.412475	39	1	2.62E-29	1.13E-25	0	0
288	-	MFPEYRDLISTLKTQDAHFQRKFNEHNQLDEEIKQLEKRVGSDFNPAVKELKSKKLHLKEEIYQILKSHS	-		C(377) H(599) N(105) O(112) S(1)	SO_4134	protein of unknown function DUF465	70	1	70	11	767.0462992	8421.412475	29	0.9998	3.35E-20	1.44E-16	0	0
289	-	MFPEYRDLISTLKTQDAHFQRKFNEHNQLDEEIKQLEKRVGSDFNPAVKELKSKKLHLKEEIYQILKSHS	-		C(377) H(599) N(105) O(112) S(1)	SO_4134	protein of unknown function DUF465	70	1	70	9	937.2771931	8421.412475	67	1	2.70E-67	1.16E-63	0	0
290	-	MKASELREKSVEELNAELLGLLREQFNLRMQHATGQLTQTHQLKLVRRNIARVKTIITSKAGA	-		C(310) H(534) N(98) O(92) S(2)	SO_0239	ribosomal protein L29, RpmC	63	1	63	12	598.5047371	7165.956108	40	1	1.21E-47	5.19E-44	0	0
291	-	MFPEYRDLISTLKTQDAHFQRKFNEHNQLDEEIKQLEKRVGSDFNPAVKELKSKKLHLKEEIYQILKSHS	-		C(377) H(599) N(105) O(112) S(1)	SO_4134	protein of unknown function DUF465	70	1	70	8	1054.310933	8421.412475	82	1	2.34E-77	1.01E-73	0	0
293	-	MFPEYRDLISTLKTQDAHFQRKFNEHNQLDEEIKQLEKRVGSDFNPAVKELKSKKLHLKEEIYQILKSHS	-		C(377) H(599) N(105) O(112) S(1)	SO_4134	protein of unknown function DUF465	70	1	70	12	703.2097139	8421.412475	30	0.9999	1.77E-20	7.59E-17	0	0
294	-	MFPEYRDLISTLKTQDAHFQRKFNEHNQLDEEIKQLEKRVGSDFNPAVKELKSKKLHLKEEIYQILKSHS	-		C(377) H(599) N(105) O(112) S(1)	SO_4134	protein of unknown function DUF465	70	1	70	14	602.89508	8421.412475	49	1	2.65E-42	1.14E-38	0	0
296	-	MFPEYRDLISTLKTQDAHFQRKFNEHNQLDEEIKQLEKRVGSDFNPAVKELKSKKLHLKEEIYQILKSHS	-		C(377) H(599) N(105) O(112) S(1)	SO_4134	protein of unknown function DUF465	70	1	70	15	562.7692264	8421.412475	47	1	1.69E-39	7.26E-36	0	0
298	-	MLILTRRVGETLMIGDEVTVTVLGVKGNQVRIGVNAPKEVSVHREEIYQRIQSE	K		C(263) H(448) N(78) O(81) S(2)	SO_3426	carbon storage regulator, CsrA	65	1	54	7	867.0483734	6059.277614	43	1	3.77E-38	1.62E-34	0	0
299	M	SNAPVDTGRRRFLTAATAVVGGAGAVAVAVPFIKSWNPSAKAKAAGAPVEVNIS	K		C(237) H(386) N(70) O(69) S(0)	SO_0608	ubiquinol-cytochrome c reductase, FeS subunit, PetA	196	2	55	5	1064.98624	5316.884753	51	1	2.55E-49	1.10E-45	0	0
301	-	MKASELREKSVEELNAELLGLLREQFNLRMQHATGQLTQTHQLKLVRRNIARVKTIITSKAGA	-		C(310) H(534) N(98) O(92) S(2)	SO_0239	ribosomal protein L29, RpmC	63	1	63	10	718.0042292	7165.956108	45	1	3.02E-52	1.30E-48	0	0
303	-	MLILTRRVGETLMIGDEVTVTVLGVKGNQVRIGVNAPKEVSVHREEIYQRIQ	S		C(255) H(436) N(76) O(76) S(2)	SO_3426	carbon storage regulator, CsrA	65	1	52	6	975.3761193	5843.202993	56	1	6.92E-45	2.98E-41	0	0
304	-	MLILTRRVGETLMIGDEVTVTVLGVKGNQVRIGVNAPKEVSVHREEIYQRIQ	S		C(255) H(436) N(76) O(76) S(2)	SO_3426	carbon storage regulator, CsrA	65	1	52	8	731.7839086	5843.202993	44	1	8.23E-40	3.54E-36	0	0
305	F	PEYRDLISTLKTQDAHFQRKFNEHNQLDEEIKQLEKRVGSDFNPAVKELKSKKLHLKEEIYQILKSHS	-		C(363) H(581) N(103) O(110) S(0)	SO_4134	protein of unknown function DUF465	70	3	70	12	679.9503595	8143.303577	50	1	2.22E-46	9.53E-43	0	0
308	-	MLILTRRVGETLMIGDEVTVTVLGVKGNQVRIGVNAPKEVSVHREEIYQRIQSEKSGTPSEGGNF	-		C(308) H(515) N(91) O(98) S(2)	SO_3426	carbon storage regulator, CsrA	65	1	65	8	891.6033792	7120.755402	36	1	1.64E-39	7.07E-36	0	0
309	-	MLILTRRVGETLMIGDEVTVTVLGVKGNQVRIGVNAPKEVSVHREEIYQRIQ	S		C(255) H(436) N(76) O(76) S(2)	SO_3426	carbon storage regulator, CsrA	65	1	52	5	1170.249888	5843.202993	70	1	1.64E-42	7.05E-39	0	0
313	-	MLILTRRVGETLMIGDEVTVTVLGVKGNQVRIGVNAPKEVSVHREEIYQRIQSEKSGTPSEGGNF	-		C(308) H(515) N(91) O(98) S(2)	SO_3426	carbon storage regulator, CsrA	65	1	65	7	1018.831394	7120.755402	48	1	9.12E-34	3.92E-30	0	0
321	F	PEYRDLISTLKTQDAHFQRKFNEHNQLDEEIKQLEKRVGSDFNPAVKELKSKKLHLKEEIYQILKSHS	-		C(363) H(581) N(103) O(110) S(0)	SO_4134	protein of unknown function DUF465	70	3	70	13	627.7239685	8143.303577	39	1	5.92E-36	2.55E-32	0	0
323	-	MFPEYRDLISTLKTQDAHFQRKFNEHNQLDEEIKQLEKRVGSDFNPAVKELKSKKLHLKEEIYQILKSHS	-		C(377) H(599) N(105) O(112) S(1)	SO_4134	protein of unknown function DUF465	70	1	70	13	649.1941418	8421.412475	39	1	2.80E-30	1.20E-26	0	0
328	-	MQNQRIRIRLKGFDHRLIDQSTAEIVETAKRTGAQVRGPIPLPTRKERYTVLISPHVNKDARDQYELRTHKRLVDIVEPTEKTVDALMRLDLAAGVDVQISLG	-		C(513) H(861) N(159) O(153) S(2)	SO_0230	ribosomal protein S10, RpsJ	103	1	103	12	981.7085836	11761.3922	21	1	1.09E-22	4.67E-19	0	0
329	H	DNDKKDKDLPPGLQKKVDNGQPLPPGWQRKLRRGDILDDDIYDRGRVVVPLDRDGRISIQVEGSIIKLDEKSRKILDIVNIITD	-		C(419) H(701) N(125) O(131) S(0)	SO_1968	putative periplasmic protein	110	27	110	8	1199.1598	9580.203416	44	1	2.33E-31	1.00E-27	0	0
330	M	SNAPVDTGRRRFLTAATAVVGGAGAVAVAVPFIKSWNPSAKAKAAGAPVEVNIS	K		C(237) H(386) N(70) O(69) S(0)	SO_0608	ubiquinol-cytochrome c reductase, FeS subunit, PetA	196	2	55	5	1064.98624	5316.884753	38	1	1.52E-21	6.52E-18	0	0
333	-	MQNQRIRIRLKGFDHRLIDQSTAEIVETAKRTGAQVRGPIPLPTRKERYTVLISPHVNKDARDQYELRTHKRLVDIVEPTEKTVDALMRLDLAAGVDVQISLG	-		C(513) H(861) N(159) O(153) S(2)	SO_0230	ribosomal protein S10, RpsJ	103	1	103	11	1070.863248	11761.3922	24	1	3.50E-23	1.50E-19	0	0
336	-	MQNQRIRIRLKGFDHRLIDQSTAEIVETAKRTGAQVRGPIPLPTRKERYTVLISPHVNKDARDQYELRTHKRLVDIVEPTEKTVDALMRLDLAAGVDVQISLG	-		C(513) H(861) N(159) O(153) S(2)	SO_0230	ribosomal protein S10, RpsJ	103	1	103	13	906.2700215	11761.3922	32	1	9.56E-34	4.11E-30	0	0
338	-	MKASELREKSVEELNAELLGLLREQFNLRMQHATGQLTQTHQLKLVRRNIARVKTIITSKAGA	-		C(310) H(534) N(98) O(92) S(2)	SO_0239	ribosomal protein L29, RpmC	63	1	63	8	897.2534674	7165.956108	41	1	3.23E-43	1.39E-39	0	0
339	-	MQNQRIRIRLKGFDHRLIDQSTAEIVETAKRTGAQVRGPIPLPTRKERYTVLISPHVNKDARDQYELRTHKRLVDIVEPTEKTVDALMRLDLAAGVDVQISLG	-		C(513) H(861) N(159) O(153) S(2)	SO_0230	ribosomal protein S10, RpsJ	103	1	103	9	1308.609019	11761.3922	41	1	7.86E-25	3.38E-21	0	0
340	-	MQNQRIRIRLKGFDHRLIDQSTAEIVETAKRTGAQVRGPIPLPTRKERYTVLISPHVNKDARDQYELRTHKRLVDIVEPTEKTVDALMRLDLAAGVDVQISLG	-		C(513) H(861) N(159) O(153) S(2)	SO_0230	ribosomal protein S10, RpsJ	103	1	103	10	1177.848845	11761.3922	38	1	9.31E-22	4.00E-18	0	0
344	-	MLILTRRVGETLMIGDEVTVTVLGVKGNQVRIGVNAPKEVSVHREEIYQRIQSE	K		C(263) H(448) N(78) O(81) S(2)	SO_3426	carbon storage regulator, CsrA	65	1	54	6	1011.388556	6059.277614	55	1	2.18E-46	9.36E-43	0	0
348	-	MQNQRIRIRLKGFDHRLIDQSTAEIVETAKRTGAQVRGPIPLPTRKERYTVLISPHVNKDARDQYELRTHKRLVDIVEPTEKTVDALMRLDLAAGVDVQISLG	-		C(513) H(861) N(159) O(153) S(2)	SO_0230	ribosomal protein S10, RpsJ	103	1	103	13	906.2700215	11761.3922	27	1	5.84E-33	2.51E-29	0	0
351	M	SYTITAQTRTEIGKGSSRRLRHAGKVPAVIYGAGKEPVSIVFDHKDIINAQANDDFYTSVVTIVLDGKEVGVRAQ	A		C(358) H(580) N(104) O(111) S(0)	SO_2112	ribosomal protein L25, RplY	95	2	76	9	902.8191831	8112.29374	24	1	1.43E-21	6.17E-18	0	0
358	-	MLILTRRVGETLMIGDEVTVTVLGVKGNQVRIGVNAPKEVSVHRE	E		C(213) H(370) N(64) O(64) S(2)	SO_3426	carbon storage regulator, CsrA	65	1	45	6	820.1268409	4912.710677	38	1	2.61E-30	1.12E-26	0	0
363	A	KVKFFVDKLDAITWLKEELHDD	-		C(126) H(193) N(29) O(36) S(0)	SO_3682	expressed protein of unknown function	132	111	132	5	538.8912083	2688.416304	40	1	9.99E-308	9.99E-308	0	0
364	-	MLILTRRVGETLMIGDEVTVTVLGVKGNQVRIGVNAPKEVSVHREE	I		C(218) H(377) N(65) O(67) S(2)	SO_3426	carbon storage regulator, CsrA	65	1	46	7	721.6877528	5041.75327	36	1	2.02E-40	8.69E-37	0	0
365	M	SYTITAQTRTEIGKGSSRRLRHAGKVPAVIYGAGKEPVSIVFDHKDIINAQANDDFYTSVVTIVLDGKEVGVRAQ	A		C(358) H(580) N(104) O(111) S(0)	SO_2112	ribosomal protein L25, RplY	95	2	76	7	1160.479728	8112.29374	78	1	1.73E-77	7.46E-74	0	0
366	-	MQNQRIRIRLKGFDHRLIDQSTAEIVETAKRTGAQVRGPIPLPTRKERYTVLISPHVNKDARDQYELRTHKRLVDIVEPTEKTVDALMRLDLAAGVDVQISLG	-		C(513) H(861) N(159) O(153) S(2)	SO_0230	ribosomal protein S10, RpsJ	103	1	103	11	1070.863248	11761.3922	22	0.9993	1.99E-18	8.57E-15	0	0
368	-	MLILTRRVGETLMIGDEVTVTVLGVKGNQVRIGVNAPKEVSVHRE	E		C(213) H(370) N(64) O(64) S(2)	SO_3426	carbon storage regulator, CsrA	65	1	45	8	615.3469498	4912.710677	31	1	1.22E-40	5.23E-37	0	0
369	M	SNAPVDTGRRRFLTAATAVVGGAGAVAVAVPFIKSWNPSAKAKAAGAPVEVNISKVEPGQLIRV	E		C(288) H(475) N(85) O(82) S(0)	SO_0608	ubiquinol-cytochrome c reductase, FeS subunit, PetA	196	2	65	7	920.9460259	6436.561181	27	1	2.20E-25	9.48E-22	0	0
370	-	MFPEYRDLISTLKTQDAHFQRKFNEHNQLDEEIKQLEKRVGSDFNPAVKELKSKKLHLKEEIYQILKSHS	-		C(377) H(599) N(105) O(112) S(1)	SO_4134	protein of unknown function DUF465	70	1	70	11	767.0462992	8421.412475	39	1	1.66E-25	7.14E-22	0	0
374	M	SNAPVDTGRRRFLTAATAVVGGAGAVAVAVPFIKSWNPSAKAKAAGAPVEVNISKVEPGQLIRV	E		C(288) H(475) N(85) O(82) S(0)	SO_0608	ubiquinol-cytochrome c reductase, FeS subunit, PetA	196	2	65	8	805.9536822	6436.561181	34	1	4.31E-44	1.85E-40	0	0
376	-	MRHYEIVFMVHPDQSEQVPGMIERYTGAITEANGKIHRLEDWGRRQLAYPIQDLHKA	H		C(298) H(462) N(88) O(85) S(3)	SO_3930	ribosomal protein S6, RpsF	131	1	57	9	749.1609491	6729.369634	31	1	1.52E-31	6.56E-28	0	0
379	M	ARQVTYTFKGETKTIAFSYAKHHDLYEAVAEAEGIDLTKFLAMEQQIAMTSRKGAKAEKDYRKVEFARFGFSNIHFVRDEEPEA	-		C(434) H(665) N(117) O(130) S(2)	SO_1372	expressed protein of unknown function	85	2	85	11	879.6311968	9659.84635	47	1	1.80E-27	7.74E-24	0	0
380	-	MFPEYRDLISTLKTQDAHFQRKFNEHNQLDEEIKQLEKRVGSDFNPAVKELKSKKLHLKEEIYQIL	K		C(359) H(570) N(98) O(106) S(1)	SO_4134	protein of unknown function DUF465	70	1	66	8	999.2832718	7982.194543	36	1	1.55E-23	6.68E-20	0	0
381	-	MRHYEIVFMVHPDQSEQVPGMIERYTGAITEANGKIHRLEDWGRRQLAYPIQDLHKA	H		C(298) H(462) N(88) O(85) S(3)	SO_3930	ribosomal protein S6, RpsF	131	1	57	7	962.9191412	6729.369634	44	1	5.07E-38	2.18E-34	0	0
383	M	ARQVTYTFKGETKTIAFSYAKHHDLYEAVAEAEGIDLTKFLAMEQQIAMTSRKGAKAEKDYRKVEFARFGFSNIHFVRDEEPEA	-		C(434) H(665) N(117) O(130) S(2)	SO_1372	expressed protein of unknown function	85	2	85	10	967.4935889	9659.84635	65	1	6.75E-56	2.90E-52	0	0
386	M	ARQVTYTFKGETKTIAFSYAKHHDLYEAVAEAEGIDLTKFLAMEQQIAMTSRKGAKAEKDYRKVEFARFGFSNIHFVRDEEPEA	-		C(434) H(665) N(117) O(130) S(2)	SO_1372	expressed protein of unknown function	85	2	85	8	1209.115167	9659.84635	80	1	3.25E-93	1.40E-89	0	0
388	-	MFPEYRDLISTLKTQDAHFQRKFNEHNQLDEEIKQLEKRVGSDFNPAVKELKSKKLHLKEEIYQILKSHS	-		C(377) H(599) N(105) O(112) S(1)	SO_4134	protein of unknown function DUF465	70	1	70	7	1204.782884	8421.412475	74	1	5.04E-54	2.17E-50	0	0
389	M	ARQVTYTFKGETKTIAFSYAKHHDLYEAVAEAEGIDLTKFLAMEQQIAMTSRKGAKAEKDYRKVEFARFGFSNIHFVRDEEPEA	-		C(434) H(665) N(117) O(130) S(2)	SO_1372	expressed protein of unknown function	85	2	85	13	744.458286	9659.84635	42	1	6.81E-28	2.93E-24	0	0
391	-	MRHYEIVFMVHPDQSEQVPGMIERYTGAITEANGKIHRLEDWGRRQLAYPIQDLHKA	H		C(298) H(462) N(88) O(85) S(3)	SO_3930	ribosomal protein S6, RpsF	131	1	57	6	1123.237785	6729.369634	43	1	4.57E-35	1.97E-31	0	0
393	-	MFPEYRDLISTLKTQDAHFQRKFNEHNQLDEEIKQLEKRVGSDFNPAVKELKSKKLHLKEEIYQIL	K		C(359) H(570) N(98) O(106) S(1)	SO_4134	protein of unknown function DUF465	70	1	66	9	888.3637168	7982.194543	20	0.5519	9.42E-13	4.05E-09	0	0
395	M	ARQVTYTFKGETKTIAFSYAKHHDLYEAVAEAEGIDLTKFLAMEQQIAMTSRKGAKAEKDYRKVEFARFGFSNIHFVRDEEPEA	-		C(434) H(665) N(117) O(130) S(2)	SO_1372	expressed protein of unknown function	85	2	85	7	1381.702008	9659.84635	77	1	3.38E-64	1.46E-60	0	0
398	M	ARQVTYTFKGETKTIAFSYAKHHDLYEAVAEAEGIDLTKFLAMEQQIAMTSRKGAKAEKDYRKVEFARFGFSNIHFVRDEEPEA	-		C(434) H(665) N(117) O(130) S(2)	SO_1372	expressed protein of unknown function	85	2	85	14	691.3546425	9659.84635	27	0.9999	6.95E-16	2.99E-12	0	0
413	M	AIGLIGRKVGMTRIFTEDGVSIPVTVIEVAGNRVTQVKTLETDGYRALQVTTGTKKANRITKPEAGHFAKSGVEAGRGLWELRLADGEGEGIEVGAELNVGIFADVAKVDVTGQSKGKGFQGGVKRWNFRTQDMTHGNSLSHRSNGSIGQNQTPGRVFKGKKMSGHMGAERVTTQNLDVVRVDVERNLLLVKGAVPGATNGDLIIKPAVKA	-	Oxidation 134	C(976) H(1609) N(297) O(299) S(4)	SO_0231	ribosomal protein L3, RplC	212	2	212	31	724.1013032	22402.87122	27	1	3.64E-12	1.56E-08	0	0
414	-	MFPEYRDLISTLKTQDAHFQRKFNEHNQLDEEIKQLEKRVGSDFNPAVKELKSKKLHLKEEIYQILKSHS	-		C(377) H(599) N(105) O(112) S(1)	SO_4134	protein of unknown function DUF465	70	1	70	10	843.6502014	8421.412475	57	1	2.57E-57	1.10E-53	0	0
418	M	AIGLIGRKVGMTRIFTEDGVSIPVTVIEVAGNRVTQVKTLETDGYRALQVTTGTKKANRITKPEAGHFAKSGVEAGRGLWELRLADGEGEGIEVGAELNVGIFADVAKVDVTGQSKGKGFQGGVKRWNFRTQDMTHGNSLSHRSNGSIGQNQTPGRVFKGKKMSGHMGAERVTTQNLDVVRVDVERNLLLVKGAVPGATNGDLIIKPAVKA	-	Oxidation 134	C(976) H(1609) N(297) O(299) S(4)	SO_0231	ribosomal protein L3, RplC	212	2	212	35	641.4619859	22402.87122	34	1	1.45E-10	6.23E-07	0	0
420	M	AIGLIGRKVGMTRIFTEDGVSIPVTVIEVAGNRVTQVKTLETDGYRALQVTTGTKKANRITKPEAGHFAKSGVEAGRGLWELRLADGEGEGIEVGAELNVGIFADVAKVDVTGQSKGKGFQGGVKRWNFRTQDMTHGNSLSHRSNGSIGQNQTPGRVFKGKKMSGHMGAERVTTQNLDVVRVDVERNLLLVKGAVPGATNGDLIIKPAVKA	-	Oxidation 163,Oxidation 167	C(976) H(1609) N(297) O(300) S(4)	SO_0231	ribosomal protein L3, RplC	212	2	212	22	1020.639538	22418.86613	33	1	2.69E-11	1.16E-07	0	0
425	M	AKLHDKYQETVVAELTQKFGYTSVMQVPRIEKITLNMGVGEAVADKKVM	E		C(244) H(402) N(64) O(73) S(3)	SO_0243	ribosomal protein L5, RplE	179	2	50	6	916.9901839	5492.88738	64	1	9.99E-308	9.99E-308	0	0
428	M	AIGLIGRKVGMTRIFTEDGVSIPVTVIEVAGNRVTQVKTLETDGYRALQVTTGTKKANRITKPEAGHFAKSGVEAGRGLWELRLADGEGEGIEVGAELNVGIFADVAKVDVTGQSKGKGFQGGVKRWNFRTQDMTHGNSLSHRSNGSIGQNQTPGRVFKGKKMSGHMGAERVTTQNLDVVRVDVERNLLLVKGAVPGATNGDLIIKPAVKA	-	Oxidation 134	C(976) H(1609) N(297) O(299) S(4)	SO_0231	ribosomal protein L3, RplC	212	2	212	19	1180.792268	22402.87122	47	1	3.33E-31	1.43E-27	0	0
430	M	AIGLIGRKVGMTRIFTEDGVSIPVTVIEVAGNRVTQVKTLETDGYRALQVTTGTKKANRITKPEAGHFAKSGVEAGRGLWELRLADGEGEGIEVGAELNVGIFADVAKVDVTGQSKGKGFQGGVKRWNFRTQDMTHGNSLSHRSNGSIGQNQTPGRVFKGKKMSGHMGAERVTTQNLDVVRVDVERNLLLVKGAVPGATNGDLIIKPAVKA	-	Oxidation 134	C(976) H(1609) N(297) O(299) S(4)	SO_0231	ribosomal protein L3, RplC	212	2	212	20	1121.803018	22402.87122	39	1	8.12E-18	3.49E-14	0	0
438	M	AIGLIGRKVGMTRIFTEDGVSIPVTVIEVAGNRVTQVKTLETDGYRALQVTTGTKKANRITKPEAGHFAKSGVEAGRGLWELRLADGEGEGIEVGAELNVGIFADVAKVDVTGQSKGKGFQGGVKRWNFRTQDMTHGNSLSHRSNGSIGQNQTPGRVFKGKKMSGHMGAERVTTQNLDVVRVDVERNLLLVKGAVPGATNGDLIIKPAVKA	-	Oxidation 134	C(976) H(1609) N(297) O(299) S(4)	SO_0231	ribosomal protein L3, RplC	212	2	212	18	1246.335878	22402.87122	31	1	6.83E-10	2.94E-06	0	0
444	M	AIGLIGRKVGMTRIFTEDGVSIPVTVIEVAGNRVTQVKTLETDGYRALQVTTGTKKANRITKPEAGHFAKSGVEAGRGLWELRLADGEGEGIEVGAELNVGIFADVAKVDVTGQSKGKGFQGGVKRWNFRTQDMTHGNSLSHRSNGSIGQNQTPGRVFKGKKMSGHMGAERVTTQNLDVVRVDVERNLLLVKGAVPGATNGDLIIKPAVKA	-	Oxidation 134	C(976) H(1609) N(297) O(299) S(4)	SO_0231	ribosomal protein L3, RplC	212	2	212	21	1068.431792	22402.87122	29	1	1.01E-11	4.36E-08	0	0
453	-	MFPEYRDLISTLKTQDAHFQRKFNEHNQLDEEIKQLEKRVGSDFNPAVKELKSKKLHLKEEIYQILKSHS	-		C(377) H(599) N(105) O(112) S(1)	SO_4134	protein of unknown function DUF465	70	1	70	10	843.6502014	8421.412475	61	1	2.10E-55	9.04E-52	0	0
454	S	HGGASMKGLAGYVTKAQACIQTGVGCATIGTEITADPKIAATPDVAEATATALTYDDGTCTVTATIGATGGVSYAADTKETTKATKAQCEEGAGL	-	Dehydro 19,Dehydro 26,Dehydro 60,Dehydro 89	C(390) H(634) N(106) O(142) S(5)	SO_0417	type IV pilin protein, PilA	138	44	138	7	1320.927551	9234.425147	67	1	1.75E-66	7.52E-63	0	0
455	M	TQEQTPLVEIRHLGFRRGQRVIYEDISLSIPRGKVTAIMGPSGIGKTTLLKLIGGQLTPDSGQVLFDGQDVHAASRNELFELRKRM	S		C(420) H(695) N(125) O(124) S(2)	SO_3954	ABC phospholipid transporter, ATPase subunit, MlaF	272	2	87	10	955.3225744	9538.136205	47	1	5.91E-48	2.54E-44	0	0
458	-	MFPEYRDLISTLKTQDAHFQRKFNEHNQLDEEIKQLEKRVGSDFNPAVKELKSKKLHLKEEIYQILKSHS	-		C(377) H(599) N(105) O(112) S(1)	SO_4134	protein of unknown function DUF465	70	1	70	11	767.0462992	8421.412475	40	1	2.04E-33	8.76E-30	0	0
459	-	MFPEYRDLISTLKTQDAHFQRKFNEHNQLDEEIKQLEKRVGSDFNPAVKELKSKKLHLKEEIYQILKSHS	-		C(377) H(599) N(105) O(112) S(1)	SO_4134	protein of unknown function DUF465	70	1	70	9	937.2771931	8421.412475	69	1	1.27E-72	5.47E-69	0	0
460	-	MFPEYRDLISTLKTQDAHFQRKFNEHNQLDEEIKQLEKRVGSDFNPAVKELKSKKLHLKEEIYQILKSHS	-		C(377) H(599) N(105) O(112) S(1)	SO_4134	protein of unknown function DUF465	70	1	70	8	1054.310933	8421.412475	81	1	9.13E-80	3.92E-76	0	0
461	D	SDNDGVYDDKDECPATPATHKVDSVGCTLYENVKKQEDVGSIQFANDSAVVKKEYYKDIERLANYMNKNPEFTVEIAGHASNVGKPEYNMVLSDKRADAVAKILVEKYGISQSRVTSNGYGITKPLVAGNSKEAHAANRRIEAIVTTTEKQPVLK	-	Dehydro 13,Dehydro 27	C(741) H(1183) N(207) O(244) S(4)	SO_3545	outer membrane porin	365	211	365	17	1002.394002	17013.54079	35	1	5.06E-20	2.17E-16	0	0
463	-	MFPEYRDLISTLKTQDAHFQRKFNEHNQLDEEIKQLEKRVGSDFNPAVKELKSKKLHLKEEIYQILKSHS	-		C(377) H(599) N(105) O(112) S(1)	SO_4134	protein of unknown function DUF465	70	1	70	12	703.2097139	8421.412475	28	0.9999	4.97E-20	2.14E-16	0	0
464	-	MFPEYRDLISTLKTQDAHFQRKFNEHNQLDEEIKQLEKRVGSDFNPAVKELKSKKLHLKEEIYQILKSHS	-		C(377) H(599) N(105) O(112) S(1)	SO_4134	protein of unknown function DUF465	70	1	70	14	602.89508	8421.412475	48	1	6.49E-34	2.79E-30	0	0
468	A	AAPVDSDNDGVYDDKDECPATPATHKVDSVGCTLYENVKKQEDVGSIQFANDSAVVKKEYYKDIERLANYMNKNPEFTVEIAGHASNVGKPEYNMVLSDKRADAVAKILVEKYGISQSRVTSNGYGITKPLVAGNSKEAHAANRRIEAIVTTTEKQPVLK	-	Dehydro 18,Dehydro 32	C(761) H(1214) N(212) O(251) S(4)	SO_3545	outer membrane porin	365	206	365	18	971.9404256	17466.76314	28	0.9999	5.51E-11	2.37E-07	0	0
469	A	AAPVDSDNDGVYDDKDECPATPATHKVDSVGCTLYENVKKQEDVGSIQFANDSAVVKKEYYKDIERLANYMNKNPEFTVEIAGHASNVGKPEYNMVLSDKRADAVAKILVEKYGISQSRVTSNGYGITKPLVAGNSKEAHAANRRIEAIVTTTEKQPVLK	-	Dehydro 18	C(761) H(1215) N(212) O(251) S(4)	SO_3545	outer membrane porin	365	206	365	17	1029.113424	17467.77096	30	1	5.56E-14	2.39E-10	0	0
471	V	AAAPVDSDNDGVYDDKDECPATPATHKVDSVGCTLYENVKKQEDVGSIQFANDSAVVKKEYYKDIERLANYMNKNPEFTVEIAGHASNVGKPEYNMVLSDKRADAVAKILVEKYGISQSRVTSNGYGITKPLVAGNSKEAHAANRRIEAIVTTTEKQPVLK	-	Dehydro 19,Dehydro 33	C(764) H(1219) N(213) O(252) S(4)	SO_3545	outer membrane porin	365	205	365	17	1033.232794	17537.80025	37	1	2.01E-23	8.64E-20	0	0
474	A	AAVVAAAPVDSDNDGVYDDKDECPATPATHKVDSVGCTLYENVKKQEDVGSIQFANDSAVVKKEYYKDIERLANYMNKNPEFTVEIAGHASNVGKPEYNMVLSDKRADAVAKILVEKYGISQSRVTSNGYGITKPLVAGNSKEAHAANRRIEAIVTTTEKQPVLK	-	Dehydro 23,Dehydro 37	C(780) H(1247) N(217) O(256) S(4)	SO_3545	outer membrane porin	365	201	365	18	994.843288	17878.0113	29	1	1.50E-17	6.45E-14	0	0
478	A	AAVVAAAPVDSDNDGVYDDKDECPATPATHKVDSVGCTLYENVKKQEDVGSIQFANDSAVVKKEYYKDIERLANYMNKNPEFTVEIAGHASNVGKPEYNMVLSDKRADAVAKILVEKYGISQSRVTSNGYGITKPLVAGNSKEAHAANRRIEAIVTTTEKQPVLK	-	Dehydro 23,Dehydro 37	C(780) H(1247) N(217) O(256) S(4)	SO_3545	outer membrane porin	365	201	365	16	1119.072789	17878.0113	40	1	2.43E-23	1.05E-19	0	0
481	A	AAVVAAAPVDSDNDGVYDDKDECPATPATHKVDSVGCTLYENVKKQEDVGSIQFANDSAVVKKEYYKDIERLANYMNKNPEFTVEIAGHASNVGKPEYNMVLSDKRADAVAKILVEKYGISQSRVTSNGYGITKPLVAGNSKEAHAANRRIEAIVTTTEKQPVLK	-	Dehydro 23,Dehydro 37	C(780) H(1247) N(217) O(256) S(4)	SO_3545	outer membrane porin	365	201	365	15	1193.61049	17878.0113	44	1	2.07E-29	8.90E-26	0	0
485	V	DSDNDGVYDDKDECPATPATHKVDSVGCTLYENVKKQEDVGSIQFANDSAVVKKEYYKDIERLANYMNKNPEFTVEIAGHASNVGKPEYNMVLSDKRADAVAKILVEKYGISQSRVTSNGYGITKPLVAGNSKEAHAANRRIEAIVTTTEKQPVLK	-	Dehydro 14,Dehydro 28	C(745) H(1188) N(208) O(247) S(4)	SO_3545	outer membrane porin	365	210	365	18	953.151792	17128.56773	29	1	1.53E-15	6.57E-12	0	0
488	-	MLILTRRVGETLMIGDEVTVTVLGVKGNQVRIGVNAPKEVSVHREEIY	Q		C(233) H(397) N(67) O(70) S(2)	SO_3426	carbon storage regulator, CsrA	65	1	48	7	761.1373803	5317.900662	29	1	9.48E-33	4.08E-29	0	0
493	-	MFPEYRDLISTLKTQDAHFQRKFNEHNQLDEEIKQLEKRVGSDFNPAVKELKSKKLHLKEEIYQILKSHS	-		C(377) H(599) N(105) O(112) S(1)	SO_4134	protein of unknown function DUF465	70	1	70	13	649.1941418	8421.412475	42	1	4.55E-32	1.95E-28	0	0
494	A	AESVDKQMSIGTDTLLQIKVQRGEVQIQSWDKNEVSVTGTLDELSEGFVFEQKGNNLNIEDKMPRHYNGSDNNGSKLTIKVPKTVKLSADTVSANLQMSQTQGELELNTVSGNITADNLGGSPTLHTVSGNIITKGLTGKVMLDTVSGEIKDADSKGEIKYRLVSGDLNSQTLADKVKVEQVSGEVKGDFKTAKEVNVRTVSGDTQVSLAKTFDKANLESVSGDMMVSFTDTPDASFELNGGPSGKIKNGLSQDMPQKQKYVQNESLSFQTGSGSASVKMDTISGNLILKKQ	-		C(1343) H(2204) N(374) O(465) S(8)	SO_3842	secreted low complexity protein	318	27	318	30	1043.902999	31267.80792	40	1	5.66E-15	2.43E-11	0	0
495	A	AESVDKQMSIGTDTLLQIKVQRGEVQIQSWDKNEVSVTGTLDELSEGFVFEQKGNNLNIEDKMPRHYNGSDNNGSKLTIKVPKTVKLSADTVSANLQMSQTQGELELNTVSGNITADNLGGSPTLHTVSGNIITKGLTGKVMLDTVSGEIKDADSKGEIKYRLVSGDLNSQTLADKVKVEQVSGEVKGDFKTAKEVNVRTVSGDTQVSLAKTFDKANLESVSGDMMVSFTDTPDASFELNGGPSGKIKNGLSQDMPQKQKYVQNESLSFQTGSGSASVKMDTISGNLILKKQ	-		C(1343) H(2204) N(374) O(465) S(8)	SO_3842	secreted low complexity protein	318	27	318	25	1252.482143	31267.80792	79	1	6.06E-51	2.61E-47	0	0
496	A	AESVDKQMSIGTDTLLQIKVQRGEVQIQSWDKNEVSVTGTLDELSEGFVFEQKGNNLNIEDKMPRHYNGSDNNGSKLTIKVPKTVKLSADTVSANLQMSQTQGELELNTVSGNITADNLGGSPTLHTVSGNIITKGLTGKVMLDTVSGEIKDADSKGEIKYRLVSGDLNSQTLADKVKVEQVSGEVKGDFKTAKEVNVRTVSGDTQVSLAKTFDKANLESVSGDMMVSFTDTPDASFELNGGPSGKIKNGLSQDMPQKQKYVQNESLSFQTGSGSASVKMDTISGNLILKKQ	-		C(1343) H(2204) N(374) O(465) S(8)	SO_3842	secreted low complexity protein	318	27	318	29	1079.86492	31267.80792	40	1	2.07E-16	8.89E-13	0	0
501	-	MLILTRRVGETLMIGDEVTVTVLGVKGNQVRIGVNAPKEVSVHREEIY	Q		C(233) H(397) N(67) O(70) S(2)	SO_3426	carbon storage regulator, CsrA	65	1	48	5	1065.189422	5317.900662	60	1	9.99E-308	9.99E-308	0	0
503	-	MKASELREKSVEELNAELLGLLREQFNLRMQHATGQLTQTHQLKLVRRNIA	R		C(256) H(435) N(81) O(77) S(2)	SO_0239	ribosomal protein L29, RpmC	63	1	51	6	991.5431959	5940.205452	39	1	1.73E-37	7.43E-34	0	0
506	A	SSRLEVKKQLDSSKIDNAMLKFEQYERRVEGLEAQVESYDLGSKKTLADEFAALEAEDSVNAELEALKAKVKGKAPTKSKE	-		C(392) H(647) N(107) O(133) S(1)	SO_1807	phage shock protein A, PspA	227	147	227	11	820.8894771	9013.687432	32	1	2.17E-38	9.32E-35	0	0
508	M	SNAPVDTGRRRFLTAATAVVGGAGAVAVAVPFIKSWNPSAKAKAAGAPVEVNISKVEPGQLI	R		C(277) H(454) N(80) O(80) S(0)	SO_0608	ubiquinol-cytochrome c reductase, FeS subunit, PetA	196	2	63	6	1031.740897	6181.391656	27	1	1.51E-25	6.51E-22	0	0
510	M	SNAPVDTGRRRFLTAATAVVGGAGAVAVAVPFIKSWNPSAKAKAAGAPVEVNISKVEPGQLI	R		C(277) H(454) N(80) O(80) S(0)	SO_0608	ubiquinol-cytochrome c reductase, FeS subunit, PetA	196	2	63	7	884.4932366	6181.391656	16	0.3224	3.72E-13	1.60E-09	0	0
515	M	AIDISKFNAGTAAQVRSNSTKQSSESEQSSQVAAKSTQQKGDSFVITAQAQQLQGAHTKMASLPEVDQKKVAEIKQAIAEGRYKIDPEKLAANIANFEAELNELN	-		C(483) H(791) N(141) O(167) S(1)	SO_3254	anti-sigma 28 factor, FlgM	106	2	106	11	1026.16782	11270.74585	57	1	1.66E-45	7.14E-42	0	0
518	M	AIDISKFNAGTAAQVRSNSTKQSSESEQSSQVAAKSTQQKGDSFVITAQAQQLQGAHTKMASLPEVDQKKVAEIKQAIAEGRYKIDPEKLAANIANFEAELNELN	-		C(483) H(791) N(141) O(167) S(1)	SO_3254	anti-sigma 28 factor, FlgM	106	2	106	10	1128.683874	11270.74585	56	1	6.80E-44	2.92E-40	0	0
520	M	AIDISKFNAGTAAQVRSNSTKQSSESEQSSQVAAKSTQQKGDSFVITAQAQQLQGAHTKMASLPEVDQKKVAEIKQAIAEGRYKIDPEKLAANIANFEAELNELN	-		C(483) H(791) N(141) O(167) S(1)	SO_3254	anti-sigma 28 factor, FlgM	106	2	106	8	1410.603024	11270.74585	82	1	2.41E-48	1.03E-44	0	0
521	-	MKTFTATPETVTRDWFVVDADGKTLGRIATEIALRLRGKHKPEYTPHVDTGDYIIVINAEKVTVTGNKAQGKTYYSHSGFPGGIKQI	S		C(432) H(682) N(118) O(128) S(1)	SO_3940	ribosomal protein L13, RplM	142	1	87	13	740.0870706	9603.020549	20	0.9877	4.56E-14	1.96E-10	0	0
523	M	AIDISKFNAGTAAQVRSNSTKQSSESEQSSQVAAKSTQQKGDSFVITAQAQQLQGAHTKMASLPEVDQKKVAEIKQAIAEGRYKIDPEKLAANIANFEAELNELN	-		C(483) H(791) N(141) O(167) S(1)	SO_3254	anti-sigma 28 factor, FlgM	106	2	106	9	1253.981274	11270.74585	60	1	9.23E-50	3.97E-46	0	0
528	-	MDKKTSRLRRAIRARKKIQELGVNRLVVHRTPRHIYAQVINPEAQVVAAASTVEKAVKEQLKSTGNVDAAKAVGKFVAERAIEKGVTNVAFDRSGFKYHGRVAALADAAREAGLQF	-		C(559) H(932) N(178) O(159) S(1)	SO_0247	ribosomal protein L18, RplR	116	1	116	13	979.6247446	12715.0036	32	1	5.86E-27	2.52E-23	0	0
531	L	TFSPKKAAVLVKKVLDSAIANAEHNEGADIDELKVGAVFVDEGPTMKRIMPRAKGRADRIMKRTSHITVVVSDR	-		C(352) H(594) N(106) O(105) S(3)	SO_0236	ribosomal protein L22, RplV	110	37	110	11	736.131784	8082.356163	38	1	4.79E-34	2.06E-30	0	0
533	M	SYTITAQTRTEIGKGSSRRLRHAGKVPAVIYGAGKEPVSIVFDHKDIINAQANDDFYTSVVTIVLDGKEVGVRAQAMQRHAFKPIIEHVDFVYA	-	Oxidation 77	C(464) H(736) N(132) O(137) S(1)	SO_2112	ribosomal protein L25, RplY	95	2	95	10	1039.753326	10381.44037	35	1	3.25E-23	1.40E-19	0	0
534	M	SYTITAQTRTEIGKGSSRRLRHAGKVPAVIYGAGKEPVSIVFDHKDIINAQANDDFYTSVVTIVLDGKEVGVRAQAMQRHAFKPIIEHVDFVYA	-	Oxidation 77	C(464) H(736) N(132) O(137) S(1)	SO_2112	ribosomal protein L25, RplY	95	2	95	8	1299.439839	10381.44037	76	1	2.65E-64	1.14E-60	0	0
535	-	MNIRPLHDRVIVKRLEVESTSAGGIVLTGSAAEKSTRGEVLAVGNGRILENGTVRPLDVKVGDVVIFNEGYGVKKEKIDGQEVLILSEADLMAIVG	-	Oxidation 92	C(447) H(755) N(127) O(141) S(2)	SO_0703	chaperonin, GroES	96	1	96	10	1023.86183	10222.5254	37	1	1.25E-36	5.37E-33	0	0
536	L	TFSPKKAAVLVKKVLDSAIANAEHNEGADIDELKVGAVFVDEGPTMKRIMPRAKGRADRIMKRTSHITVVVSDR	-		C(352) H(594) N(106) O(105) S(3)	SO_0236	ribosomal protein L22, RplV	110	37	110	8	1011.803474	8082.356163	16	0.0638	3.96E-11	1.70E-07	0	0
538	-	MNIRPLHDRVIVKRLEVESTSAGGIVLTGSAAEKSTRGEVLAVGNGRILENGTVRPLDVKVGDVVIFNEGYGVKKEKIDGQEVLILSEADLMAIVG	-	Oxidation 92	C(447) H(755) N(127) O(141) S(2)	SO_0703	chaperonin, GroES	96	1	96	9	1137.512336	10222.5254	33	1	1.42E-29	6.09E-26	0	0
539	-	MNIRPLHDRVIVKRLEVESTSAGGIVLTGSAAEKSTRGEVLAVGNGRILENGTVRPLDVKVGDVVIFNEGYGVKKEKIDGQEVLILSEADLMAIVG	-	Oxidation 92	C(447) H(755) N(127) O(141) S(2)	SO_0703	chaperonin, GroES	96	1	96	8	1279.575468	10222.5254	49	1	1.46E-37	6.28E-34	0	0
540	L	QLTKFRDAGRHNDLNGMMQDVAKKLNDSDIDALSKYLASLK	-		C(198) H(327) N(59) O(64) S(2)	SO_4666	diheme cytochrome c4, CytcB	207	167	207	6	771.2348665	4619.35883	29	1	7.79E-29	3.35E-25	0	0
541	M	SYTITAQTRTEIGKGSSRRLRHAGKVPAVIYGAGKEPVSIVFDHKDIINAQANDDFYTSVVTIVLDGKEVGVRAQAMQRHAFKPIIEHVDFVYA	-	Oxidation 77	C(464) H(736) N(132) O(137) S(1)	SO_2112	ribosomal protein L25, RplY	95	2	95	9	1155.169554	10381.44037	64	1	8.25E-53	3.55E-49	0	0
546	-	MFPEYRDLISTLKTQDAHFQRKFNEHNQLDEEIKQLEKRVGSDFNPAVKELKSKKLHLKEEIYQILKSHS	-		C(377) H(599) N(105) O(112) S(1)	SO_4134	protein of unknown function DUF465	70	1	70	11	767.0462992	8421.412475	37	1	1.19E-21	5.10E-18	0	0
549	L	QLTKFRDAGRHNDLNGMMQDVAKKLNDSDIDALSKYLASLK	-		C(198) H(327) N(59) O(64) S(2)	SO_4666	diheme cytochrome c4, CytcB	207	167	207	5	925.2803845	4619.35883	37	1	1.76E-37	7.56E-34	0	0
550	-	MNIRPLHDRVIVKRLEVESTSAGGIVLTGSAAEKSTRGEVLAVGNGRILENGTVRPLDVKVGDVVIFNEGYGVKKEKIDGQEVLILSEADLMAIVG	-	Oxidation 92	C(447) H(755) N(127) O(141) S(2)	SO_0703	chaperonin, GroES	96	1	96	7	1462.228067	10222.5254	36	0.9565	2.25E-14	9.68E-11	0	0
551	T	AANFNPMMATAGKITVVEAEFIVEPGELDPDHIHTPGIYVDRVIQGKFEKRIEQRTVKAAK	-		C(303) H(485) N(83) O(89) S(2)	SO_1892	acetyl-CoA:acetoacetate-CoA transferase, beta subunit, AtoD	234	174	234	7	969.3723117	6774.541827	30	1	7.06E-40	3.03E-36	0	0
553	-	MNIRPLHDRVIVKRLEVESTSAGGIVLTGSAAEKSTRGEVLAVGNGRILENGTVRPLDVKVGDVVIFNEGYGVKKEKIDGQEVLILSEADLMAIVG	-	Oxidation 92	C(447) H(755) N(127) O(141) S(2)	SO_0703	chaperonin, GroES	96	1	96	12	853.3860709	10222.5254	19	0.9999	7.87E-16	3.39E-12	0	0
556	T	AANFNPMMATAGKITVVEAEFIVEPGELDPDHIHTPGIYVDRVIQGKFEKRIEQRTVKAAK	-		C(303) H(485) N(83) O(89) S(2)	SO_1892	acetyl-CoA:acetoacetate-CoA transferase, beta subunit, AtoD	234	174	234	9	754.1800817	6774.541827	16	0.9988	1.93E-16	8.28E-13	0	0
559	A	SSPPKTDAETIYIGGNIVTVTDSAPTAEALAVKNGRILALGKTSDLLKLKGSNTQVVNLNGKTLIPGFIDGHGHVFNTGIQAL	S		C(379) H(624) N(104) O(119) S(0)	SO_A0100	periplasmic metal-dependent aminohydrolase family protein	604	20	102	7	1221.237867	8536.597359	41	1	1.31E-37	5.65E-34	0	0
561	M	SQVTGVVKWFNSDKGFGFIEQESGPDVFVHFRAINSDGFKTLDEGQKVSFTVTQGQKGPQAENVTVIG	-		C(332) H(504) N(88) O(104) S(0)	SO_2787	cold shock protein, CspA	69	2	69	7	1056.964258	7387.685451	21	1	1.35E-29	5.80E-26	0	0
563	M	SQVTGVVKWFNSDKGFGFIEQESGPDVFVHFRAINSDGFKTLDEGQKVSFTVTQGQKGPQAENVTVIG	-		C(332) H(504) N(88) O(104) S(0)	SO_2787	cold shock protein, CspA	69	2	69	6	1232.957088	7387.685451	45	1	3.22E-36	1.39E-32	0	0
564	M	SQVTGVVKWFNSDKGFGFIEQESGPDVFVHFRAINSDGFKTLDEGQKVSFTVTQGQKGPQAENVTVIG	-		C(332) H(504) N(88) O(104) S(0)	SO_2787	cold shock protein, CspA	69	2	69	5	1479.347051	7387.685451	70	1	2.08E-38	8.93E-35	0	0
568	M	SQVTGVVKWFNSDKGFGFIEQESGPDVFVHFRAINSDGFKTLDEGQKVSFTVTQGQKGPQAENVTVIG	-		C(332) H(504) N(88) O(104) S(0)	SO_2787	cold shock protein, CspA	69	2	69	4	1848.931994	7387.685451	37	0.9999	3.27E-22	1.41E-18	0	0
589	-	MQVSVEATQGLERRLTISVPAEQIEKLVKDSLQREAK	R		C(179) H(311) N(53) O(59) S(1)	SO_1793	trigger factor, peptidyl-prolyl cis-trans isomerase, Tig	434	1	37	6	697.8864851	4179.268542	21	0.9919	1.27E-16	5.48E-13	0	0
596	-	MQVSVEATQGLERRLTISVPAEQIEKLVKDSLQREAK	R		C(179) H(311) N(53) O(59) S(1)	SO_1793	trigger factor, peptidyl-prolyl cis-trans isomerase, Tig	434	1	37	4	1046.326089	4179.268542	24	0.9994	1.96E-21	8.42E-18	0	0
436	M	AIGLIGRKVGMTRIFTEDGVSIPVTVIEVAGNRVTQVKTLETDGYRALQVTTGTKKANRITKPEAGHFAKSGVEAGRGLWELRLADGEGEGIEVGAELNVGIFADVAKVDVTGQSKGKGFQGGVKRWNFRTQDMTHGNSLSHRSNGSIGQNQTPGRVFKGKKMSGHMGAERVTTQNLDVVRVDVERNLLLVKGAVPGATNGDLIIKPAVKA	-	Oxidation 134	C(976) H(1609) N(297) O(299) S(4)	SO_0231	ribosomal protein L3, RplC	212	2	212	25	897.6438697	22402.87122	26	0.9999	3.87E-09	1.66E-05	4.66E-04	0
54	-	MQSAELKQFVVDKIDDLKARDVVVIDVSNQSNITDYMVICSGTSKTHVKAIAENLVIEAKAAGIPPIGIEGRDSSEWVLVDMGNVILHVMQDQTRDFYQLEK	L	Oxidation 82	C(497) H(807) N(133) O(159) S(5)	SO_1170	protein with domain of unknown function DUF143	109	1	102	13	873.9915499	11342.77542	18	0.6047	9.30E-09	4.00E-05	9.18E-04	0.0027322
126	-	MTNANKSLVVITGASSGIGAAIAKSFSAAGHPLLLLARRAEAMQALALPNSLSISVDVTDA	D	Oxidation 43	C(264) H(447) N(75) O(84) S(2)	SO_4141	oxidoreductase, short-chain dehydrogenase	243	1	61	8	760.9141984	6076.245311	10	0.0014	9.69E-09	4.17E-05	9.18E-04	0.0027322
270	H	ALRLKDLVKKTERQLSDYQRQLSMVKTTESVQKATATITDSFASSNSKLLNAKDSLERIKARQQQFDDRLKAAETLAEEGSDKSLQAKLAEAGIGEQKSNANAVLERIKARKS	-		C(535) H(912) N(164) O(179) S(1)	SO_3765	PspA	229	117	229	18	697.547601	12530.70236	19	0.263	9.11E-09	3.92E-05	9.18E-04	0
335	-	MQNQRIRIRLKGFDHRLIDQSTAEIVETAKRTGAQVRGPIPLPTRKERYTVLISPHVNKDARDQYELRTHKRLVDIVEPTEKTVDALMRLDLAAGVDVQISLG	-		C(513) H(861) N(159) O(153) S(2)	SO_0230	ribosomal protein S10, RpsJ	103	1	103	8	1472.059237	11761.3922	31	0.4886	5.95E-09	2.56E-05	9.18E-04	0
403	-	MQNQRIRIRLKGFDHRLIDQSTAEIVETAKRTGAQVRGPIPLPTRKERYTVLISPHVNKDARDQYELRTHKRLVDIVEPTEKTVDALMRLDLAAGVDVQISLG	-		C(513) H(861) N(159) O(153) S(2)	SO_0230	ribosomal protein S10, RpsJ	103	1	103	14	841.6083968	11761.3922	13	0.2464	5.96E-09	2.56E-05	9.18E-04	0
415	M	AIGLIGRKVGMTRIFTEDGVSIPVTVIEVAGNRVTQVKTLETDGYRALQVTTGTKKANRITKPEAGHFAKSGVEAGRGLWELRLADGEGEGIEVGAELNVGIFADVAKVDVTGQSKGKGFQGGVKRWNFRTQDMTHGNSLSHRSNGSIGQNQTPGRVFKGKKMSGHMGAERVTTQNLDVVRVDVERNLLLVKGAVPGATNGDLIIKPAVKA	-	Oxidation 134	C(976) H(1609) N(297) O(299) S(4)	SO_0231	ribosomal protein L3, RplC	212	2	212	34	660.2988891	22402.87122	29	1	7.35E-09	3.16E-05	9.18E-04	0
73	-	MTKSELIEKLATRQSQLSAKEVEGAIKEMLEQMATTLESGDRIEIRGFGSFSLHYRAPRTGRNPKTGSSVELEGKYVPHFKPGKELRERVDAVNV	-	Oxidation 29,Oxidation 33	C(463) H(760) N(136) O(147) S(3)	SO_2401	integration host factor, beta subunit, IhfB	95	1	95	16	668.4793941	10673.53375	16	0.2256	4.12E-08	1.77E-04	0.0027088	0
204	M	AITVNTNVTSLKAQKNLNTSASDLATSMERLSSGLRINSAKDDAAGLAIS	N		C(213) H(369) N(65) O(78) S(1)	SO_3237	flagellin, FliC_1	272	2	51	5	1025.141821	5117.66266	15	6.43E-04	6.43E-08	2.77E-04	0.0027088	0.0080863
514	M	AIDISKFNAGTAAQVRSNSTKQSSESEQSSQVAAKSTQQKGDSFVITAQAQQLQGAHTKMASLPEVDQKKVAEIKQAIAEGRYKIDPEKLAANIANFEAELNELN	-		C(483) H(791) N(141) O(167) S(1)	SO_3254	anti-sigma 28 factor, FlgM	106	2	106	12	940.7377748	11270.74585	15	0.492	8.91E-08	3.83E-04	0.0035826	0
135	A	GEYQLDWHVSGEELIYHSCGCADSCWVAEVRQAKAEIPLIAKLRCDCEKLYFTDKTGVERVVAENCDDLNTDNKMDLIPERIKQLQSHFITPH	-	Dehydro 21,Dehydro 45,Dehydro 47,Dehydro 66	C(466) H(722) N(128) O(146) S(7)	SO_1027	hypothetical periplasmic protein	114	22	114	9	1187.354533	10671.10518	17	0.0412	2.37E-07	0.001019	0.0048889	0
411	M	AIGLIGRKVGMTRIFTEDGVSIPVTVIEVAGNRVTQVKTLETDGYRALQVTTGTKKANRITKPEAGHFAKSGVEAGRGLWELRLADGEGEGIEVGAELNVGIFADVAKVDVTGQSKGKGFQGGVKRWNFRTQDMTHGNSLSHRSNGSIGQNQTPGRVFKGKKMSGHMGAERVTTQNLDVVRVDVERNLLLVKGAVPGATNGDLIIKPAVKA	-	Oxidation 134	C(976) H(1609) N(297) O(299) S(4)	SO_0231	ribosomal protein L3, RplC	212	2	212	32	701.5046149	22402.87122	24	0.9995	3.10E-07	0.001331	0.0048889	0
466	A	APVDSDNDGVYDDKDECPATPATHKVDSVGCTLYENVKKQEDVGSIQFANDSAVVKKEYYKDIERLANYMNKNPEFTVEIAGHASNVGKPEYNMVLSDKRADAVAKILVEKYGISQSRVTSNGYGITKPLVAGNSKEAHAANRRIEAIVTTTEKQPVLK	-	Dehydro 17,Dehydro 31	C(758) H(1209) N(211) O(250) S(4)	SO_3545	outer membrane porin	365	207	365	20	871.295255	17395.72602	25	0.9746	2.83E-07	0.001216	0.0048889	0.0146471
408	M	AIGLIGRKVGMTRIFTEDGVSIPVTVIEVAGNRVTQVKTLETDGYRALQVTTGTKKANRITKPEAGHFAKSGVEAGRGLWELRLADGEGEGIEVGAELNVGIFADVAKVDVTGQSKGKGFQGGVKRWNFRTQDMTHGNSLSHRSNGSIGQNQTPGRVFKGKKMSGHMGAERVTTQNLDVVRVDVERNLLLVKGAVPGATNGDLIIKPAVKA	-	Oxidation 134	C(976) H(1609) N(297) O(299) S(4)	SO_0231	ribosomal protein L3, RplC	212	2	212	26	863.1578468	22402.87122	21	0.9979	3.24E-07	0.001393	0.0057675	0
96	-	MQNQRIRIRLKGFDHRLIDQSTAEIVETAKRTGAQVRGPIPLPTRKERYTVLISPHVNKDARDQYELRTHKRLVDIVEPTEKTVDALMRLDLAAGVDVQISLG	-	Oxidation 88	C(513) H(861) N(159) O(154) S(2)	SO_0230	ribosomal protein S10, RpsJ	103	1	103	14	842.7508907	11777.38712	18	0.1281	3.77E-07	0.001621	0.0061892	0
234	-	MINTLVNKLLITYGKANLSAWDNLRVLLSECASQQFQAKGFEVDCGDSRSHYWVQLDDCWLDCGRTNAYNADIIRVADDDIRRAKIIG	L	Acetyl 0,Oxidation 1,Dehydro 59	C(439) H(688) N(125) O(136) S(5)	SO_0927	hypothetical protein	113	1	88	9	1118.002471	10046.93662	8	0.1051	3.72E-07	0.0016	0.0061892	0.018543
409	M	AIGLIGRKVGMTRIFTEDGVSIPVTVIEVAGNRVTQVKTLETDGYRALQVTTGTKKANRITKPEAGHFAKSGVEAGRGLWELRLADGEGEGIEVGAELNVGIFADVAKVDVTGQSKGKGFQGGVKRWNFRTQDMTHGNSLSHRSNGSIGQNQTPGRVFKGKKMSGHMGAERVTTQNLDVVRVDVERNLLLVKGAVPGATNGDLIIKPAVKA	-	Oxidation 163	C(976) H(1609) N(297) O(299) S(4)	SO_0231	ribosomal protein L3, RplC	212	2	212	27	831.2263442	22402.87122	21	0.9998	3.62E-07	0.001556	0.0061892	0
446	-	MKTFTATPETVTRDWFVVDADGKTLGRIATEIALRLRGKHKPEYTPHVDTGDYIIVINAEKVTVTGNKAQGKTYYSHSGFPGGIKQISFEKLQAHKPEMIIEKAVKGMLPKGPLGRAMFRKLKVYAGAEHNHAAQQPQVLDI	-		C(709) H(1131) N(197) O(200) S(4)	SO_3940	ribosomal protein L13, RplM	142	1	142	18	875.5826706	15733.3269	17	0.0228	4.42E-07	0.0019	0.0066196	0.0198413
151	-	MIKLGIVMDPISEINIKKDSSFAMLMAAQERGYQLFYMEMADLAIVNGVAMGNMRPLKVMNDANHWFELGEAKDTPLSELNVVLMRK	D	Acetyl 0,Oxidation 1,Oxidation 38,Oxidation 51	C(437) H(705) N(113) O(129) S(10)	SO_0831	glutathione synthetase, GshB	315	1	87	9	1103.89048	9919.928706	8	4.45E-04	6.26E-07	0.002692	0.0083553	0.0249344
419	M	AIGLIGRKVGMTRIFTEDGVSIPVTVIEVAGNRVTQVKTLETDGYRALQVTTGTKKANRITKPEAGHFAKSGVEAGRGLWELRLADGEGEGIEVGAELNVGIFADVAKVDVTGQSKGKGFQGGVKRWNFRTQDMTHGNSLSHRSNGSIGQNQTPGRVFKGKKMSGHMGAERVTTQNLDVVRVDVERNLLLVKGAVPGATNGDLIIKPAVKA	-	Oxidation 167	C(976) H(1609) N(297) O(299) S(4)	SO_0231	ribosomal protein L3, RplC	212	2	212	36	623.6715773	22402.87122	30	0.9999	8.26E-07	0.003552	0.0087642	0
543	M	TTHNHMTKTALVIIDVQNDYFVDGAYPQWQVNEMLERTLHCAQQAQQQGMPIILVQHIADTTQGV	A	Oxidation 34,Oxidation 50	C(323) H(505) N(91) O(102) S(4)	SO_4590	isochorismatase family protein	177	2	66	7	1061.380758	7418.600952	8	5.86E-04	2.23E-06	0.009579	0.0112603	0.0332056
544	-	MNTKKESALSFPSAGIESFGERLKELMGDESLRAFANAIDTSEGGVRKWFTQSTMPSFDKMVRIAR	R	Oxidation 27,Oxidation 55,Oxidation 61	C(321) H(512) N(90) O(103) S(4)	SO_0641	prophage MuSo1 transcriptional regulator, Cro	240	1	66	6	1235.617441	7403.647568	11	3.44E-04	4.30E-06	0.018481	0.0150732	0.0431472
475	V	AAAPVDSDNDGVYDDKDECPATPATHKVDSVGCTLYENVKKQEDVGSIQFANDSAVVKKEYYKDIERLANYMNKNPEFTVEIAGHASNVGKPEYNMVLSDKRADAVAKILVEKYGISQSRVTSNGYGITKPLVAGNSKEAHAANRRIEAIVTTTEKQPVLK	-	Dehydro 19	C(764) H(1220) N(213) O(252) S(4)	SO_3545	outer membrane porin	365	205	365	18	975.9429222	17538.80807	20	0.8243	5.79E-06	0.024884	0.0162741	0
264	A	KHDNDKKDKDLPPGLQKKVDNGQPLPPGWQRKLRRGDILDDDIYDRGRVVVPLDRDGRISIQVEGSIIKLDEKSRKILDIVNIITD	-		C(431) H(720) N(130) O(133) S(0)	SO_1968	putative periplasmic protein	110	25	110	12	821.9553948	9845.357291	14	0.0016	1.27E-05	0.05468	0.0174766	0
249	A	TVYKWVDKDGKVHYSDEPHPNAEIVELKEKTLNQITLPLVSADSNDSQVIEQIKYQVVITSPAEEETVRDNNGDFQVTATVTPEIKSQYLMALKLDGKTIGQPQIGGTFKLSNIDRGEHTIVVDAMTQNGKVFASSSPRKIFLHQAAMTPAPKKQPRSN	-		C(778) H(1247) N(213) O(247) S(3)	SO_4470	conserved periplasmic protein	177	19	177	17	1038.189997	17622.07271	19	0.4379	2.25E-05	0.096839	0.0223818	0.0628853
426	M	AIGLIGRKVGMTRIFTEDGVSIPVTVIEVAGNRVTQVKTLETDGYRALQVTTGTKKANRITKPEAGHFAKSGVEAGRGLWELRLADGEGEGIEVGAELNVGIFADVAKVDVTGQSKGKGFQGGVKRWNFRTQDMTHGNSLSHRSNGSIGQNQTPGRVFKGKKMSGHMGAERVTTQNLDVVRVDVERNLLLVKGAVPGATNGDLIIKPAVKA	-	Oxidation 134	C(976) H(1609) N(297) O(299) S(4)	SO_0231	ribosomal protein L3, RplC	212	2	212	27	831.2263442	22402.87122	23	0.9437	3.31E-05	0.142279	0.0235492	0
50	-	MTVLSAFTPQSATELAIKPLWQYLLSLGAKPAALTPLLTQARILEPQPNELLLSQGEQQTSAYYVVDGIVRACH	Y	Acetyl 0,Dehydro 73	C(368) H(588) N(93) O(108) S(2)	SO_1586	cyclic nucleotide-binding domain protein	202	1	74	7	1159.049468	8102.281924	8	2.01E-04	3.63E-05	0.156296	0.0243595	0.0684597
476	V	AAAPVDSDNDGVYDDKDECPATPATHKVDSVGCTLYENVKKQEDVGSIQFANDSAVVKKEYYKDIERLANYMNKNPEFTVEIAGHASNVGKPEYNMVLSDKRADAVAKILVEKYGISQSRVTSNGYGITKPLVAGNSKEAHAANRRIEAIVTTTEKQPVLK	-	Dehydro 19,Dehydro 33	C(764) H(1219) N(213) O(252) S(4)	SO_3545	outer membrane porin	365	205	365	19	924.5774764	17537.80025	16	0.2615	5.84E-05	0.251132	0.0263488	0
115	-	MKQKNSLALVIAKAASQPFASLDSFMGKTLRLTDGDFWSQLMATSKSGKTVNVNTAMQLAAVWACVRRISETVAMLPLGLYER	Q	Oxidation 1,Oxidation 26	C(401) H(656) N(110) O(118) S(6)	SO_2965	prophage LambdaSo portal protein, B	432	1	83	11	828.0727754	9092.703714	14	5.86E-04	8.22E-05	0.353286	0.0279399	0.0786925
70	-	MTSKNPIQKALYLAFERAQWSVLRDAVPMTLSEQDLENLRGINEKVSLSEVTDIYLPLSRLLNLIVKAKQQRGLVLDEFLGQKPSSSPYIISLAGSVAVGKS	T	Acetyl 0,Oxidation 29	C(508) H(835) N(135) O(153) S(2)	SO_0215	pantothenate kinase, PanK	316	1	102	8	1419.149164	11339.11497	15	3.94E-04	1.00E-04	0.431684	0.0295587	0.0833333
121	M	KYYSRRLVKPEHLNPANTLFGGQLLSWIDEEAAIFAACQMKTTSHVTKLISEINFMTPARQGDVLEFGLELVSLGHSSITVSCQVRNKMTQAPVVSIDKMVFVNV	N	Acetyl 0,Dehydro 83,Oxidation 89	C(524) H(837) N(140) O(154) S(6)	SO_1486	thioesterase superfamily protein	122	2	106	15	784.6107882	11747.02919	11	5.05E-04	1.62E-04	0.698171	0.0339967	0.0961538
51	M	SGWYELSKSSNDQFKFVLKAGNGEVILTSELYTGKSGAMNGIESVQTNSPIEARYAKEVAKNDKPYFNLKAANHQIIGTSQMYSSTAARDNGIKSVMENGKTTTIKDLT	-	Acetyl 0	C(521) H(828) N(142) O(172) S(3)	SO_3888	expressed tandem DUF1508 repeat protein of unknown function	110	2	110	12	995.0889973	11921.95717	13	0.0015	3.27E-04	1.407948	0.0377979	0
145	M	PKYVSFLAAGCVFSLMLLSPMAIANDKSQVMMGEKTVTLEGKLPKLEQMAPRFKVVDDKFNPINLTDFKGKTILISAVPSLDTGVCALQTKRFNSEV	G	Acetyl 0,Oxidation 16,Dehydro 86	C(480) H(781) N(120) O(139) S(7)	SO_3341	antioxidant, AhpC	197	2	98	12	891.057109	10674.57786	11	5.45E-04	4.44E-04	1.907295	0.0393604	0.1094118
295	S	ITRAVTSRLFGLTKSFEFTTHQGGSQRAMMAFGQLDRVMPLDILPTLLVRDLVVRDTDEAQALGALELDEEDLALCTFVCPGKYDFGKELRACLDVIEREG	-	Acetyl 0,Oxidation 29,Oxidation 39,Dehydro 76	C(496) H(797) N(134) O(155) S(6)	SO_0902	Na-translocating NADH-quinone reductase subunit A, NqrA	456	356	456	12	943.400009	11302.69266	13	5.83E-04	4.48E-04	1.927008	0.0393604	0.1094118
511	-	MEIIRGAPALSTFRVQKLMEACVSAALPVRQIYAEYVHLADLSELLKPTEREQLEKILTYGPAIEAHTPQGSLLFVTPRPGTISPWSSKATDIAHNCGLGKVKRLERGIAYYVESDTLTAEQQRTLQGLLHDRMVEVVLND	F	Acetyl 0,Oxidation 19	C(699) H(1130) N(192) O(210) S(5)	SO_3287	phosphoribosylformylglycinamidine synthase, PurL	1293	1	141	16	984.9607213	15734.22492	11	0.0015	8.54E-04	3.671999	0.0416327	0.1151163
200	-	MKALLANIFGHWQSPPWMHWCKAHPGKSIGSLLALLLVSAGLWTAWDWYQHLPQPQTVQSSIFAPSLTNYEADKPEVAPLVIRFSDSV	A	Acetyl 0,Oxidation 1,Oxidation 18	C(464) H(690) N(116) O(123) S(3)	SO_0066	YfhM family alpha2-macroglobulin	1898	1	88	13	766.9354841	9951.04657	7	1.12E-04	0.001817	7.81371	0.04551	0.1236994
84	-	MKRLYKAMFIVFILLVLMFASQQGLFEHVTNSNWVAHFIKAEGNYALMALLAVGALFTAVGGPRQVIAFVFGFALGGIYGGLFSTLAALLGCVLVFYTARLTIRSSLQRRFGHRLQKF	E	Oxidation 18,Oxidation 48,Dehydro 92	C(618) H(957) N(158) O(147) S(5)	SO_4689	conserved hypothetical inner membrane protein	219	1	118	18	729.4580483	13104.08705	9	6.28E-04	0.002138	9.193762	0.0457675	0.1241379
545	K	FGHCKDVFKRPPSQWQSRLLTLFAWLLLVISLSTCAHGQGWTYGSILFMGIISLAAMLVILTLSYSPRHLPVGIVTSCVLTGTLFLSGGIQ	-	Acetyl 0	C(465) H(729) N(115) O(118) S(5)	SO_3408	conserved hypothetical inner membrane protein	117	27	117	11	908.1289464	9972.31824	9	9.56E-05	0.003039	13.06742	0.0465399	0.1261468
470	A	PVDSDNDGVYDDKDECPATPATHKVDSVGCTLYENVKKQEDVGSIQFANDSAVVKKEYYKDIERLANYMNKNPEFTVEIAGHASNVGKPEYNMVLSDKRADAVAKILVEKYGISQSRVTSNGYGITKPLVAGNSKEAHAANRRIEAIVTTTEKQPVLK	-	Dehydro 16,Dehydro 30	C(755) H(1204) N(210) O(249) S(4)	SO_3545	outer membrane porin	365	208	365	20	867.7433993	17324.68891	19	0.0327	0.00415	17.84708	0.04881	0.1322691
548	-	MLNTKLLPLAMSAFFISTFSYGQSLSEFHIDKGNNCQTCHTKPIKVDDAENHENKSCESCHGTMGELAAKSKSKLSPHHSHLIDVSCTSCHSGHKQPVFVCQTCHDSFKNEFKIPFSNDKP	V	Dehydro 36,Dehydro 60,Dehydro 101	C(583) H(897) N(164) O(181) S(11)	SO_1421	periplasmic tetraheme flavocytochrome, IfcA	589	1	121	14	961.8160163	13443.29552	14	8.68E-04	0.004575	19.67198	0.0494572	0.1334842
133	M	PDTEYRKGILLAVSAYCMWGFAPLYFKLLHHVSATEILLHRVIWSFVFMVIIMMFIGGFGKLRQLFKQPKQLIVLTITSLLIAGNWLLFI	W	Dehydro 17,Oxidation 49,Oxidation 53,Oxidation 54	C(504) H(778) N(117) O(115) S(5)	SO_4243	transport protein, RarD	294	2	91	14	749.2746479	10469.72307	8	9.55E-05	0.015189	65.3146	0.0526946	0.1412681
114	-	MQNQRIRIRLKGFDHRLIDQSTAEIVETAKRTGAQVRGPIPLPTRKERYTVLISPHVNKDARDQYELRTHKRLVDIVEPTEKTVDALMRLDLAAGVDVQISLG	-	Oxidation 88	C(513) H(861) N(159) O(154) S(2)	SO_0230	ribosomal protein S10, RpsJ	103	1	103	15	786.6346498	11777.38712	9	9.64E-05	0.030085	129.3649	0.0548272	0
491	A	PVDSDNDGVYDDKDECPATPATHKVDSVGCTLYENVKKQEDVGSIQFANDSAVVKKEYYKDIERLANYMNKNPEFTVEIAGHASNVGKPEYNMVLSDKRADAVAKILVEKYGISQSRVTSNGYGITKPLVAGNSKEAHAANRRIEAIVTTTEKQPVLK	-	Dehydro 16,Dehydro 30	C(755) H(1204) N(210) O(249) S(4)	SO_3545	outer membrane porin	365	208	365	20	867.7433993	17324.68891	13	0.0029	0.050847	218.6431	0.0570297	0.1322691
240	A	TVYKWVDKDGKVHYSDEPHPNAEIVELKEKTLNQITLPLVSADSNDSQVIEQIKYQVVITSPAEEETVRDNNGDFQVTATVTPEIKSQYLMALKLDGKTIGQPQIGGTFKLSNIDRGEHTIVVDAMTQNGKVFASSSPRKIFLHQAAMTPAPKKQPRSN	-		C(778) H(1247) N(213) O(247) S(3)	SO_4470	conserved periplasmic protein	177	19	177	21	840.6313839	17622.07271	10	0.004	0.37418	1608.975	0.0615686	0.0628853
489	V	DSDNDGVYDDKDECPATPATHKVDSVGCTLYENVKKQEDVGSIQFANDSAVVKKEYYKDIERLANYMNKNPEFTVEIAGHASNVGKPEYNMVLSDKRADAVAKILVEKYGISQSRVTSNGYGITKPLVAGNSKEAHAANRRIEAIVTTTEKQPVLK	-	Dehydro 14,Dehydro 28	C(745) H(1188) N(208) O(247) S(4)	SO_3545	outer membrane porin	365	210	365	21	817.1311469	17128.56773	12	2.16E-04	1.609681	6921.627	0.063647	0
483	V	AAAVVAAAPVDSDNDGVYDDKDECPATPATHKVDSVGCTLYENVKKQEDVGSIQFANDSAVVKKEYYKDIERLANYMNKNPEFTVEIAGHASNVGKPEYNMVLSDKRADAVAKILVEKYGISQSRVTSNGYGITKPLVAGNSKEAHAANRRIEAIVTTTEKQPVLK	-	Dehydro 38	C(783) H(1253) N(218) O(257) S(4)	SO_3545	outer membrane porin	365	200	365	19	946.3279684	17950.05624	11	0.0013	2.092368	8997.184	0.0639875	0.1700535
598	A	AESPSFDCGKVQAGSIEEMVCRDAGLIKLDRQLADVYAKATEKAKNEQPPVLKAMQRGWVKGRNECWKSEDKRTCVESSYQTRIAQLQAQYRLVEMTGPVFYTCDGNPANEVVVSYFKTEPATLIAERGDQTSLMFIQRSASGAKYQGQNESLWEHHGEARIVWGYETPEMTCKVKTPK	-	Dehydro 66,Dehydro 75,Dehydro 104,Dehydro 173	C(879) H(1380) N(248) O(274) S(11)	SO_0112	periplasmic protein of unknown function DUF2091	207	29	207	18	1120.89064	20145.86029	13	0.002	2.65215	11404.25	0.0651072	0.1728922
429	-	MSFKDLRSFIDHLEANGELKRISYPVDPHLEMTEIADRVLRAQGPALLFENPTNHSMPVLANLFGTPKRVAMALGKDDPLALREVGELLAFLKEPEPPRGFKDAISKIPMFKQALNMPPKTVRNPACQQVVKTGDDVDLTQLPIQHCWPGDV	A	Acetyl 0,Oxidation 57	C(761) H(1213) N(207) O(219) S(8)	SO_0506	3-octaprenyl-4-hydroxybenzoate carboxy-lyase, UbiD	488	1	152	19	896.8927767	17011.79096	8	8.36E-05	3.736335	16066.24	0.0665629	0.1765957
396	Y	RRYENLDDTDFNTIEADSNYWGLELSYRFGTPAAAAPVAAAVVAAAPVDSDNDGVYDDKDECPATPATHKVDSVGCTLYENVKKQEDVGSIQFANDSAVVKKEYYKDIERLANYMNKNPEFTVEIAGHASNVGKPEYNMVLSDKRADAVAKILVEKYGISQSRVTSNGYGITKPLVAGNSKEAHAANRRIEAIVTTTEKQPVLK	-	Acetyl 0,Oxidation 115	C(978) H(1535) N(269) O(322) S(4)	SO_3545	outer membrane porin	365	162	365	26	860.2816127	22328.08913	14	0.006	13.45156	57841.72	0.0690726	0.1832627
473	F	ALNFSRPGGQIVAQYYLLNRLGKNGYAEICNNLYKSAEIIAKGIESFKDFNIFFAGDSQKGIPALSWTLNNDITEYSLYDLSDRMRMRGWQVSAYSMPPDIQETVVMRVVLRHGFSVDMASAFLEHVRLCLEYFKKHPISIVQTSSEFKQFQHSGR	-	Dehydro 30	C(806) H(1236) N(217) O(230) S(7)	SO_2140	glutamate decarboxylase, GadB	463	308	463	19	941.5341483	17858.97366	10	1.10E-04	174.1187	748710.4	0.0731332	0.1929093
529	A	LSDLKTLSKPAIAGCLVSGLLLGPIYGLLPIYVSQDMGFAQQTGQFMALIILGGMIVQPLVSYLSPRIQKSVLMIAFCLVGAAALLLLMQTSLVGLWLGFVLLGACAFALYPIAISLACDHLPSSQIVSATQIMLLSYSVGSVIGPVAASRFDDIEHGLPLYLAASFLMTACYLSAHLLARSKARLPTAKA	-	Acetyl 0,Dehydro 15,Oxidation 37,Oxidation 47	C(930) H(1501) N(224) O(248) S(12)	SO_0450	transport protein, MFS superfamily	387	197	387	19	1062.68506	20159.83763	9	3.43E-04	163.303	702202.8	0.0731332	0.1929093
424	-	MSLILLLTQQMSLYLVIVYLVSKTPLFKLFAETSPRLPHKIFIYLVFSSFCIMATYFGEQTSGAIANTRAMGAVLGGLLGGPVTGFLVGLTGGLHRYSMGGFTDLACAISTTLEGLSAGMISFYLRRAGKSELIYNPLLVCLVTFYAEIMQMSLILLIACPFDAAWELVRQIAPPMLLVNSIGAALFMSMIRDQKTMFDKLSSSF	S	Oxidation 11,Dehydro 107,Dehydro 160,Oxidation 176	C(1033) H(1634) N(246) O(276) S(16)	SO_2822	sensor histidine kinase with GAF sensory domain	560	1	205	30	748.5651263	22413.69188	9	1.57E-04	1004.661	4320043	0.077957	0.2051813
