Scan	Pre	Sequence	Post	Modifications	Composition	ProteinName	ProteinDesc	ProteinLength	Start	End	Charge	MostAbundantIsotopeMz	Mass	#MatchedFragments	Probability	SpecEValue	EValue
4002	-	MLILTRRVGETLMIGDEVTVTVLGVKGNQVRIGVNAPKEVSVHREEIYQRIQSEKSGTPSEGGNF	-	Oxidation 13	C(308) H(515) N(91) O(99) S(2)	SO_3426	carbon storage regulator, CsrA	65	1	65	10	715.0836501	7136.750317	21	1.0	1.517829E-22	6.526664E-19
4003	-	MLILTRRVGETLMIGDEVTVTVLGVKGNQVRIGVNAPKEVSVHREEIYQRIQSEKSGTPSEGGNF	-	Oxidation 13	C(308) H(515) N(91) O(99) S(2)	SO_3426	carbon storage regulator, CsrA	65	1	65	8	893.6027435	7136.750317	43	1.0	7.55934E-40	3.250516E-36
4007	-	MFPEYRDLISTLKTQDAHFQRKFNEHNQLDEEIKQLEKRVGSDFNPAVKELKSKKLHLKE	E		C(322) H(513) N(91) O(96) S(1)	SO_4134	protein of unknown function DUF465	70	1	60	10	723.6864036	7222.777852	24	0.9896	3.006578E-15	1.292828E-11
4008	-	MRVDPNVSLVYSTDKGRITAEPEAKAIPTSDGIVRIHRDSKGRKGKGVSVISGLGLDEAGLKALAQTLKKQCGCGGTVKDFTIEVQTDNREQLKQLLEKQNYKVKLAGG	-		C(507) H(857) N(151) O(160) S(3)	SO_3345	translation initiation factor protein, YciH	109	1	109	15	782.6270275	11717.27278	17	0.9637	4.352737E-12	1.871677E-08
4009	T	GLGLRRIGHTVELEDTPSVRGMINKVYYMVKVED	-		C(170) H(280) N(48) O(51) S(2)	SO_0249	ribosomal protein L30, RpmD	60	27	60	4	970.0147912	3874.023349	25	1.0	5.709435E-25	2.455057E-21
4010	-	MFPEYRDLISTLKTQDAHFQRKFNEHNQLDEEIKQLEKRVGSDFNPAVKELKSKKLHLKE	E		C(322) H(513) N(91) O(96) S(1)	SO_4134	protein of unknown function DUF465	70	1	60	12	603.2398824	7222.777852	26	0.9998	4.141745E-20	1.78095E-16
4012	-	MLILTRRVGETLMIGDEVTVTVLGVKGNQVRIGVNAPKEVSVHREEIYQRIQSEKSGTPSEGGNF	-	Oxidation 1	C(308) H(515) N(91) O(99) S(2)	SO_3426	carbon storage regulator, CsrA	65	1	65	7	1021.116382	7136.750317	56	1.0	4.814592E-45	2.070275E-41
4013	-	MRVDPNVSLVYSTDKGRITAEPEAKAIPTSDGIVRIHRDSKGRKGKGVSVISGLGLDEAGLKALAQTLKKQCGCGGTVKDFTIEVQTDNREQLKQLLEKQNYKVKLAGG	-	Dehydro 72,Dehydro 74	C(507) H(855) N(151) O(160) S(3)	SO_3345	translation initiation factor protein, YciH	109	1	109	14	838.3130347	11715.25713	32	1.0	2.169014E-20	9.326759E-17
4014	M	TTDLDLQSAIAALDEYGYEKKASTDLEQARNKQQMGKYIKSL	D		C(205) H(333) N(55) O(71) S(1)	SO_2569	putative cytoplasmic protein	106	2	43	5	948.0857816	4733.385816	20	1.0	9.627888E-26	4.139992E-22
4015	A	DELATTGCAAKLATINAELAEAKAAGNQHKVAGLEKAYAEVVNHCADDRLAVERLAKVEALEVKLAERQHELTEAIADGKPMDKINKKRQKIAEVESELAKVRAELTQ	-	Dehydro 8,Dehydro 45	C(503) H(845) N(149) O(164) S(3)	SO_0119	periplasmic protein of unknown function DUF1090	130	23	130	12	976.0219328	11693.15239	37	1.0	3.493257E-25	1.502101E-21
4018	W	EPRLAKGVDNLVKSVKTGLNAMPPGGMCTDCTDEDYKAAIEFMSKAK	-	Dehydro 28,Dehydro 31	C(215) H(352) N(58) O(70) S(5)	SO_0264	periplasmic monoheme cytochrome c5, ScyA	99	53	99	5	1006.896706	5026.437082	30	1.0	9.400852E-24	4.042366E-20
4020	Q	LSMVKTTESVQKATATITDSFASSNSKLLNAKDSLERIKARQQQFDDRLKAAETLAEEGSDKSLQAKLAEAGIGEQKSNANAVLERIKARKS	-		C(423) H(720) N(128) O(146) S(1)	SO_3765	PspA	229	138	229	11	907.1233886	9961.257104	43	1.0	1.062365E-21	4.568168E-18
4022	-	MNIRPLHDRVIVKRLEVESTSAGGIVLTGSAAEKSTRGEVLAVGNGRILENGTVRPLDVKVGDVVIFNEGYGVKKEKIDGQEVLIL	S		C(405) H(685) N(117) O(125) S(1)	SO_0703	chaperonin, GroES	96	1	86	10	923.5145745	9220.056206	25	1.0	5.77911E-16	2.485017E-12
4023	Q	MEAVGLSIDDLGGVAVKASSKKRAPRPAKYQIEVDGEVIQWTGQGRMPTVFKNEVNKGRSMDDFLI	-		C(317) H(516) N(90) O(97) S(3)	SO_3146	DNA-binding protein, H-NS family	130	65	130	8	905.4761176	7231.737309	16	0.1481	6.850774E-10	2.945833E-06
4024	-	MNIRPLHDRVIVKRLEVESTSAGGIVLTGSAAEKSTRGEVLAVGNGRILENGTVRPLDVKVGDVVIFNEGYGVKKEKIDGQEVLIL	S		C(405) H(685) N(117) O(125) S(1)	SO_0703	chaperonin, GroES	96	1	86	9	1026.015385	9220.056206	42	1.0	2.323293E-28	9.990159E-25
4025	-	MNIRPLHDRVIVKRLEVESTSAGGIVLTGSAAEKSTRGEVLAVGNGRILENGTVRPLDVKVGDVVIFNEGYGVKKEKIDGQEVLIL	S		C(405) H(685) N(117) O(125) S(1)	SO_0703	chaperonin, GroES	96	1	86	8	1154.141399	9220.056206	40	1.0	2.461593E-32	1.058485E-28
4027	-	MRVDPNVSLVYSTDKGRITAEPEAKAIPTSDGIVRIHRDSKGRKGKGVSVISGLGLDEAGLKALAQTLKKQCGCGGTVKDFTIEVQTDNREQLKQLLEKQNYKVKLAGG	-	Dehydro 72,Dehydro 74	C(507) H(855) N(151) O(160) S(3)	SO_3345	translation initiation factor protein, YciH	109	1	109	14	838.3130347	11715.25713	27	0.9991	1.237018E-14	5.319178E-11
4028	-	MNIRPLHDRVIVKRLEVESTSAGGIVLTGSAAEKSTRGEVLAVGNGRILENGTVRPLDVKVGDVVIF	N		C(310) H(529) N(93) O(95) S(1)	SO_0703	chaperonin, GroES	96	1	67	8	889.8732397	7106.914286	27	1.0	1.67263E-23	7.19231E-20
4029	-	MRVDPNVSLVYSTDKGRITAEPEAKAIPTSDGIVRIHRDSKGRKGKGVSVISGLGLDEAGLKALAQTLKKQCGCGGTVKDFTIEVQTDNREQLKQLLEKQNYKVKLAGG	-	Dehydro 72,Dehydro 74	C(507) H(855) N(151) O(160) S(3)	SO_3345	translation initiation factor protein, YciH	109	1	109	17	690.5531951	11715.25713	41	1.0	8.843749E-32	3.802812E-28
4030	A	DDALDKAIKSDFRQAKNSSRDIYRHPAETLTFFGISPT	H		C(190) H(296) N(54) O(61) S(0)	SO_2583	methyltransferase	270	23	60	5	863.4430182	4310.171999	12	0.4931	2.203077E-14	9.473232E-11
4032	-	MRHYEIVFMVHPDQSEQVPGMIERYTGAITEANGKIHRLEDWGRR	Q		C(234) H(363) N(71) O(68) S(3)	SO_3930	ribosomal protein S6, RpsF	131	1	45	7	765.9557355	5351.629149	31	1.0	5.01003E-34	2.154313E-30
4033	-	MRHYEIVFMVHPDQSEQVPGMIERYTGAITEANGKIHRLEDWGRR	Q		C(234) H(363) N(71) O(68) S(3)	SO_3930	ribosomal protein S6, RpsF	131	1	45	7	765.9557355	5351.629149	32	1.0	5.437676E-25	2.338201E-21
4034	S	RTQARIKAALEVAAQREKPTWVEVDSAKMEGAFKRIPERSDLSAEINEQLIVELYSK	-		C(285) H(470) N(82) O(89) S(1)	SO_0255	ribosomal protein S4, RpsD	206	150	206	7	929.6443296	6497.449307	42	1.0	7.658859E-50	3.293309E-46
4035	-	MNIRPLHDRVIVKRLEVESTSAGGIVLTGSAAEKSTRGEVLAVGNGRILENGTVRPLDVKVGDVVIFNEGYGVKKEKIDGQEVLIL	S		C(405) H(685) N(117) O(125) S(1)	SO_0703	chaperonin, GroES	96	1	86	7	1318.874845	9220.056206	27	0.833	2.681647E-17	1.153108E-13
4037	Q	MEAVGLSIDDLGGVAVKASSKKRAPRPAKYQIEVDGEVIQWTGQGRMPTVFKNEVNKGRSMDDFLI	-		C(317) H(516) N(90) O(97) S(3)	SO_3146	DNA-binding protein, H-NS family	130	65	130	7	1034.685952	7231.737309	22	1.0	5.007086E-19	2.153047E-15
4038	-	MRHYEIVFMVHPDQSEQVPGMIERYTGAITEANGKIHRLEDWGRR	Q		C(234) H(363) N(71) O(68) S(3)	SO_3930	ribosomal protein S6, RpsF	131	1	45	8	670.3371781	5351.629149	25	1.0	1.892646E-28	8.138376E-25
4039	V	SANDVVSIREKSRTQARIKAALEVAAQREKPTWVEVDSAKMEGAFKRIPERSDLSAEINEQLIVELYSK	-		C(338) H(561) N(99) O(109) S(1)	SO_0255	ribosomal protein S4, RpsD	206	138	206	8	974.3979459	7783.111936	37	1.0	4.606847E-35	1.980944E-31
4040	K	MEALKSEYQLKGKALDEDLRRRQGEEQNKLLVKVQKAINTIAEKEKYDLVLQRGAVIYVKPNADISGKVVEALSKGK	-		C(383) H(649) N(109) O(117) S(1)	SO_1638	periplasmic chaperone for outer membrane proteins, Skp	168	92	168	9	965.9858732	8679.790596	25	0.9998	4.925284E-21	2.117872E-17
4043	V	SANDVVSIREKSRTQARIKAALEVAAQREKPTWVEVDSAKMEGAFKRIPERSDLSAEINEQLIVELYSK	-		C(338) H(561) N(99) O(109) S(1)	SO_0255	ribosomal protein S4, RpsD	206	138	206	7	1113.453756	7783.111936	65	1.0	2.891669E-62	1.243418E-58
4047	-	MLILTRRVGETLMIGDEVTVTVLGVKGNQVRIGVNAPKEVSVHREEIYQRIQSEKSGTPSEGGNF	-	Oxidation 1	C(308) H(515) N(91) O(99) S(2)	SO_3426	carbon storage regulator, CsrA	65	1	65	9	794.4254694	7136.750317	29	1.0	2.404459E-38	1.033917E-34
4048	-	MTKSELIEKLATRQSQLSAKEVEGAIKEMLEQMATTLESGDRIEIRGFGSFSLHYRAPRTGRNPKTGSSVELEGKYVPHFKPGKELRERVDAVNV	-	Oxidation 29,Oxidation 33	C(463) H(760) N(136) O(147) S(3)	SO_2401	integration host factor, beta subunit, IhfB	95	1	95	14	763.8325538	10673.53375	25	0.8676	5.090832E-10	2.189058E-06
4049	-	MTVLSAFTPQSATELAIKPLWQYLLSLGAKPAALTPLLTQARILEPQPNELLLSQGEQQTSAYYVVDGIVRACH	Y	Acetyl 0,Dehydro 73	C(368) H(588) N(93) O(108) S(2)	SO_1586	cyclic nucleotide-binding domain protein	202	1	74	7	1159.049468	8102.281924	8	2.0141E-04	3.63479E-05	0.156296
4050	M	SGWYELSKSSNDQFKFVLKAGNGEVILTSELYTGKSGAMNGIESVQTNSPIEARYAKEVAKNDKPYFNLKAANHQIIGTSQMYSSTAARDNGIKSVMENGKTTTIKDLT	-	Acetyl 0	C(521) H(828) N(142) O(172) S(3)	SO_3888	expressed tandem DUF1508 repeat protein of unknown function	110	2	110	12	995.0889973	11921.95717	13	0.0015	3.274297E-04	1.407948
4052	-	MTKSELIEKLATRQSQLSAKEVEGAIKEMLEQMATTLESGDRIEIRGFGSFSLHYRAPRTGRNPKTGSSVELEGKYVPHFKPGKELRERVDAVNV	-	Oxidation 29,Oxidation 33	C(463) H(760) N(136) O(147) S(3)	SO_2401	integration host factor, beta subunit, IhfB	95	1	95	13	822.5114213	10673.53375	44	1.0	3.07564E-33	1.322525E-29
4053	-	MQSAELKQFVVDKIDDLKARDVVVIDVSNQSNITDYMVICSGTSKTHVKAIAENLVIEAKAAGIPPIGIEGRDSSEWVLVDMGNVILHVMQDQTRDFYQLEK	L	Oxidation 82	C(497) H(807) N(133) O(159) S(5)	SO_1170	protein with domain of unknown function DUF143	109	1	102	13	873.9915499	11342.77542	18	0.6047	9.297037E-09	3.997726E-05
4055	Q	LSMVKTTESVQKATATITDSFASSNSKLLNAKDSLERIKARQQQFDDRLKAAETLAEEGSDKSLQAKLAEAGIGEQKSNANAVLERIKARKS	-		C(423) H(720) N(128) O(146) S(1)	SO_3765	PspA	229	138	229	12	831.6137126	9961.257104	26	1.0	4.300818E-17	1.849352E-13
4057	K	MEALKSEYQLKGKALDEDLRRRQGEEQNKLLVKVQKAINTIAEKEKYDLVLQRGAVIYVKPNADISGKVVEALSKGK	-		C(383) H(649) N(109) O(117) S(1)	SO_1638	periplasmic chaperone for outer membrane proteins, Skp	168	92	168	11	790.5352192	8679.790596	37	1.0	3.102296E-32	1.333987E-28
4058	M	TTVSMRDMLQAGVHFGHQTRYWNPKMKPFIFG	A		C(172) H(258) N(48) O(43) S(3)	SO_1629	ribosomal protein S2, RpsB	242	2	33	5	757.3814089	3779.863952	17	0.9448	1.962434E-14	8.438467E-11
4060	-	MYAVFQSGGKQHRVAPGHTVRLEKLEVATGSTVEFDQVLLIADGEKVHVGAPLVAGGKVVAEVVSHGRGEKVTIVKFRRRKHHDKKLGHRQWFTEVKITAINA	-		C(508) H(824) N(154) O(139) S(1)	SO_3652	ribosomal protein L21, RplU	103	1	103	12	946.357823	11338.18643	24	1.0	3.218878E-18	1.384118E-14
4062	-	MTKSELIEKLATRQSQLSAKEVEGAIKEMLEQMATTLESGDRIEIRGFGSFSLHYRAPRTGRNPKTGSSVELEGKYVPHFKPGKELRERVDAVNV	-	Oxidation 29,Oxidation 33	C(463) H(760) N(136) O(147) S(3)	SO_2401	integration host factor, beta subunit, IhfB	95	1	95	11	971.8758112	10673.53375	31	1.0	6.942623E-20	2.985328E-16
4063	M	AATQYYGTGRRKTSTARVFAKAGSGNIVVNQRPLDQYFGRETARMVVRQPLELVEMTDKLDIYVTVKGGGITGQAGAIRHGITRA	L		C(403) H(661) N(125) O(120) S(2)	SO_3939	ribosomal protein S9, RpsI	130	2	86	13	711.8462972	9235.890495	20	0.9971	7.970362E-15	3.427256E-11
4065	-	MQNQRIRIRLKGFDHRLIDQSTAEIVETAKRTGAQVRGPIPLPTRKERYTVLISPHVNKDARDQYELRTHKRLVDIVEPTEKTVDALMRLDLAAGVDVQISLG	-	Oxidation 88	C(513) H(861) N(159) O(154) S(2)	SO_0230	ribosomal protein S10, RpsJ	103	1	103	12	983.0414931	11777.38712	13	0.9999	5.411951E-19	2.327139E-15
4067	V	VGTVHLPATKPEVEVEPEAAFDVDVEIEDDVQDEAEPEDKA	-		C(193) H(298) N(46) O(75) S(0)	SO_2201	expressed protein of unknown function	152	112	152	4	1116.531919	4460.091862	43	1.0	9.99E-308	9.99E-308
4068	-	MQNQRIRIRLKGFDHRLIDQSTAEIVETAKRTGAQVRGPIPLPTRKERYTVLISPHVNKDARDQYELRTHKRLVDIVEPTEKTVDALMRLDLA	A		C(472) H(792) N(148) O(139) S(2)	SO_0230	ribosomal protein S10, RpsJ	103	1	93	14	774.4294039	10821.88965	28	0.9983	2.106843E-14	9.059426E-11
4069	-	MTSKNPIQKALYLAFERAQWSVLRDAVPMTLSEQDLENLRGINEKVSLSEVTDIYLPLSRLLNLIVKAKQQRGLVLDEFLGQKPSSSPYIISLAGSVAVGKS	T	Acetyl 0,Oxidation 29	C(508) H(835) N(135) O(153) S(2)	SO_0215	pantothenate kinase, PanK	316	1	102	8	1419.149164	11339.11497	15	3.9442E-04	1.003917E-04	0.431684
4070	-	MQNQRIRIRLKGFDHRLIDQSTAEIVETAKRTGAQVRGPIPLPTRKERYTVLISPHVNKDARDQYELRTHKRLVDIVEPTEKTVDALMRLDLA	A		C(472) H(792) N(148) O(139) S(2)	SO_0230	ribosomal protein S10, RpsJ	103	1	93	13	833.9234137	10821.88965	25	0.9705	6.641836E-12	2.85599E-08
4072	-	MTKSELIEKLATRQSQLSAKEVEGAIKEMLEQMATTLESGDRIEIRGFGSFSLHYRAPRTGRNPKTGSSVELEGKYVPHFKPGKELRERVDAVNV	-	Oxidation 29,Oxidation 33	C(463) H(760) N(136) O(147) S(3)	SO_2401	integration host factor, beta subunit, IhfB	95	1	95	16	668.4793941	10673.53375	16	0.2256	4.116755E-08	1.770205E-04
4073	-	MTKSELIEKLATRQSQLSAKEVEGAIKEMLEQMATTLESGDRIEIRGFGSFSLHYRAPRTGRNPKTGSSVELEGKYVPHFKPGKELRERVDAVNV	-	Oxidation 29,Oxidation 33	C(463) H(760) N(136) O(147) S(3)	SO_2401	integration host factor, beta subunit, IhfB	95	1	95	10	1068.962665	10673.53375	45	1.0	1.266165E-31	5.44451E-28
4074	Q	GVDIQHLPFHRALTKAEQADMGQLKKSVKGLVVVHPMTALGREMGLTEVTGFAPAKF	-		C(276) H(449) N(77) O(76) S(3)	SO_2832	expressed protein of unknown function	118	62	118	7	880.6201232	6154.279863	35	1.0	3.320037E-21	1.427616E-17
4075	-	MYAVFQSGGKQHRVAPGHTVRLEKLEVATGSTVEFDQVLLIADGEKVHVGAPLVAGGKVVAEVVSHGRGEKVTIVKFRRRKHHDKKLGHRQWFTEVKITAINA	-		C(508) H(824) N(154) O(139) S(1)	SO_3652	ribosomal protein L21, RplU	103	1	103	11	1032.298782	11338.18643	32	1.0	9.773742E-26	4.202709E-22
4080	-	MQGSVTEFLKPRLVDIEQVNSTRAKVTLEPLERGFGHTL	G		C(194) H(319) N(55) O(59) S(1)	SO_0256	DNA-directed RNA polymerase, alpha subunit, RpoA	329	1	39	7	629.1992764	4395.33729	16	0.4802	2.347848E-13	1.009575E-09
4082	M	SGWYELSKSSNDQFKFVLKAGNGEVILTSELYTGKSGAMNGIESVQTNSPIEARYAKEVAKNDKPYFNLKAANHQIIGTSQMYSSTA	A		C(420) H(654) N(112) O(136) S(2)	SO_3888	expressed tandem DUF1508 repeat protein of unknown function	110	2	88	10	952.1803931	9506.714392	31	1.0	3.727535E-27	1.60284E-23
4083	-	MKRLYKAMFIVFILLVLMFASQQGLFEHVTNSNWVAHFIKAEGNYALMALLAVGALFTAVGGPRQVIAFVFGFALGGIYGGLFSTLAALLGCVLVFYTARLTIRSSLQRRFGHRLQKF	E	Oxidation 18,Oxidation 48,Dehydro 92	C(618) H(957) N(158) O(147) S(5)	SO_4689	conserved hypothetical inner membrane protein	219	1	118	18	729.4580483	13104.08705	9	6.2773E-04	0.002138	9.193762
4084	M	SGWYELSKSSNDQFKFVLKAGNGEVILTSELYTGKSGAMNGIESVQTNSPIEARYAKEVAKNDKPYFNLKAANHQIIGTSQMYSSTA	A		C(420) H(654) N(112) O(136) S(2)	SO_3888	expressed tandem DUF1508 repeat protein of unknown function	110	2	88	7	1359.826015	9506.714392	82	1.0	4.519843E-57	1.943532E-53
4085	Q	GVDIQHLPFHRALTKAEQADMGQLKKSVKGLVVVHPMTALGREMGLTEVTGFAPAKF	-		C(276) H(449) N(77) O(76) S(3)	SO_2832	expressed protein of unknown function	118	62	118	7	880.6201232	6154.279863	34	1.0	2.295817E-21	9.872015E-18
4087	V	MVNGRVVNIPSFKVSANDVVSIREKSRTQARIKAALEVAAQREKPTWVEVDSAKMEGAFKRIPERSDLSAEINEQLIVELYSK	-		C(408) H(677) N(119) O(126) S(2)	SO_0255	ribosomal protein S4, RpsD	206	124	206	10	933.9056279	9323.966739	28	1.0	8.512033E-32	3.660174E-28
4088	A	DELATTGCAAKLATINAELAEAKAAGNQHKVAGLEKAYAEVVNHCADDRLAVERLAKVEALEVKLAERQHELTEAIADGKPMDKINKKRQKIAEVESELAKVRAELTQ	-	Dehydro 8,Dehydro 45	C(503) H(845) N(149) O(164) S(3)	SO_0119	periplasmic protein of unknown function DUF1090	130	23	130	9	1301.026818	11693.15239	53	1.0	1.766786E-50	7.59718E-47
4090	M	SGWYELSKSSNDQFKFVLKAGNGEVILTSELYTGKSGAMNGIESVQTNSPIEARYAKEVAKNDKPYFNLKAANHQIIGTSQMYSSTA	A		C(420) H(654) N(112) O(136) S(2)	SO_3888	expressed tandem DUF1508 repeat protein of unknown function	110	2	88	9	1057.866295	9506.714392	32	1.0	2.684517E-28	1.154342E-24
4092	A	DELATTGCAAKLATINAELAEAKAAGNQHKVAGLEKAYAEVVNHCADDRLAVERLAKVEALEVKLAERQHELTEAIADGKPMDKINKKRQKIAEVESELAKVRAELTQ	-	Dehydro 8,Dehydro 45	C(503) H(845) N(149) O(164) S(3)	SO_0119	periplasmic protein of unknown function DUF1090	130	23	130	14	836.7341248	11693.15239	22	0.8962	2.290082E-10	9.847354E-07
4094	V	MVNGRVVNIPSFKVSANDVVSIREKSRTQARIKAALEVAAQREKPTWVEVDSAKMEGAFKRIPERSDLSAEINEQLIVELYSK	-		C(408) H(677) N(119) O(126) S(2)	SO_0255	ribosomal protein S4, RpsD	206	124	206	9	1037.561	9323.966739	53	1.0	1.242118E-59	5.341108E-56
4095	-	MQNQRIRIRLKGFDHRLIDQSTAEIVETAKRTGAQVRGPIPLPTRKERYTVLISPHVNKDARDQYELRTHKRLVDIVEPTEKTVDALMRLDLAAGVDVQISLG	-	Oxidation 88	C(513) H(861) N(159) O(154) S(2)	SO_0230	ribosomal protein S10, RpsJ	103	1	103	14	842.7508907	11777.38712	18	0.1281	3.770774E-07	0.001621
4097	-	MKASELREKSVEELNAELLGLLREQFNLRMQHATGQLTQTHQLKLVRRNIARVKTIITSKAGA	-	Oxidation 30	C(310) H(534) N(98) O(93) S(2)	SO_0239	ribosomal protein L29, RpmC	63	1	63	8	899.2528317	7181.951023	41	1.0	1.364935E-38	5.869222E-35
4098	V	MVNGRVVNIPSFKVSANDVVSIREKSRTQARIKAALEVAAQREKPTWVEVDSAKMEGAFKRIPERSDLSAEINEQLIVELYSK	-		C(408) H(677) N(119) O(126) S(2)	SO_0255	ribosomal protein S4, RpsD	206	124	206	12	778.4225693	9323.966739	25	1.0	1.913923E-27	8.229869E-24
4099	A	DELATTGCAAKLATINAELAEAKAAGNQHKVAGLEKAYAEVVNHCADDRLAVERLAKVEALEVKLAERQHELTEAIADGKPMDKINKKRQKIAEVESELAKVRAELTQ	-	Dehydro 8,Dehydro 45	C(503) H(845) N(149) O(164) S(3)	SO_0119	periplasmic protein of unknown function DUF1090	130	23	130	12	976.0219328	11693.15239	32	1.0	4.916519E-22	2.114103E-18
4102	V	MVNGRVVNIPSFKVSANDVVSIREKSRTQARIKAALEVAAQREKPTWVEVDSAKMEGAFKRIPERSDLSAEINEQLIVELYSK	-		C(408) H(677) N(119) O(126) S(2)	SO_0255	ribosomal protein S4, RpsD	206	124	206	8	1167.130216	9323.966739	42	1.0	5.407348E-31	2.325159E-27
4103	-	MKASELREKSVEELNAELLGLLREQFNLRMQHATGQLTQTHQLKLVRRNIARVKTIITSKAGA	-	Oxidation 30	C(310) H(534) N(98) O(93) S(2)	SO_0239	ribosomal protein L29, RpmC	63	1	63	11	654.2767712	7181.951023	38	1.0	3.154869E-38	1.356594E-34
4104	-	MKASELREKSVEELNAELLGLLREQFNLRMQHATGQLTQTHQLKLVRRNIARVKTIITSKAGA	-	Oxidation 30	C(310) H(534) N(98) O(93) S(2)	SO_0239	ribosomal protein L29, RpmC	63	1	63	6	1198.668017	7181.951023	29	0.4787	2.464031E-11	1.059533E-07
4105	-	MKASELREKSVEELNAELLGLLREQFNLRMQHATGQLTQTHQLKLVRRNIARVKTIITSKAGA	-	Oxidation 30	C(310) H(534) N(98) O(93) S(2)	SO_0239	ribosomal protein L29, RpmC	63	1	63	8	899.2528317	7181.951023	35	1.0	3.306283E-37	1.421702E-33
4107	V	MVNGRVVNIPSFKVSANDVVSIREKSRTQARIKAALEVAAQREKPTWVEVDSAKMEGAFKRIPERSDLSAEINEQLIVELYSK	-		C(408) H(677) N(119) O(126) S(2)	SO_0255	ribosomal protein S4, RpsD	206	124	206	11	849.0966868	9323.966739	23	1.0	7.240111E-24	3.113248E-20
4108	A	DELATTGCAAKLATINAELAEAKAAGNQHKVAGLEKAYAEVVNHCADDRLAVERLAKVEALEVKLAERQHELTEAIADGKPMDKINKKRQKIAEVESELAKVRAELTQ	-	Dehydro 8,Dehydro 45	C(503) H(845) N(149) O(164) S(3)	SO_0119	periplasmic protein of unknown function DUF1090	130	23	130	11	1064.659629	11693.15239	44	1.0	1.128358E-34	4.851938E-31
4109	A	DELATTGCAAKLATINAELAEAKAAGNQHKVAGLEKAYAEVVNHCADDRLAVERLAKVEALEVKLAERQHELTEAIADGKPMDKINKKRQKIAEVESELAKVRAELTQ	-	Dehydro 8,Dehydro 45	C(503) H(845) N(149) O(164) S(3)	SO_0119	periplasmic protein of unknown function DUF1090	130	23	130	10	1171.024864	11693.15239	41	1.0	2.363097E-32	1.016132E-28
4112	M	SGWYELSKSSNDQFKFVLKAGNGEVILTSELYTGKSGAMNGIESVQTNSPIEARYAKEVAKNDKPYFNLKAANHQIIGTSQMYS	S		C(410) H(637) N(109) O(131) S(2)	SO_3888	expressed tandem DUF1508 repeat protein of unknown function	110	2	85	10	926.268711	9247.597571	17	0.536	1.635311E-10	7.031838E-07
4113	-	MQNQRIRIRLKGFDHRLIDQSTAEIVETAKRTGAQVRGPIPLPTRKERYTVLISPHVNKDARDQYELRTHKRLVDIVEPTEKTVDALMRLDLAAGVDVQISLG	-	Oxidation 88	C(513) H(861) N(159) O(154) S(2)	SO_0230	ribosomal protein S10, RpsJ	103	1	103	15	786.6346498	11777.38712	9	9.6437E-05	0.030085	129.3649
4114	-	MKQKNSLALVIAKAASQPFASLDSFMGKTLRLTDGDFWSQLMATSKSGKTVNVNTAMQLAAVWACVRRISETVAMLPLGLYER	Q	Oxidation 1,Oxidation 26	C(401) H(656) N(110) O(118) S(6)	SO_2965	prophage LambdaSo portal protein, B	432	1	83	11	828.0727754	9092.703714	14	5.8641E-04	8.215956E-05	0.353286
4117	A	DELATTGCAAKLATINAELAEAKAAGNQHKVAGLEKAYAEVVNHCADDRLAVERLAKVEALEVKLAERQHELTEAIADGKPMDKINKKRQKIAEVESELAKVRAELTQ	-	Dehydro 8,Dehydro 45	C(503) H(845) N(149) O(164) S(3)	SO_0119	periplasmic protein of unknown function DUF1090	130	23	130	8	1463.529261	11693.15239	43	1.0	1.048737E-35	4.50957E-32
4118	-	MLILTRRVGETLMIGDEVTVTVLGVKGNQVRIGVNAPKEVSVHREEIYQRIQSE	K	Oxidation 1	C(263) H(448) N(78) O(82) S(2)	SO_3426	carbon storage regulator, CsrA	65	1	54	7	869.3333612	6075.272529	43	1.0	5.748264E-39	2.471753E-35
4119	T	QARIKAALEVAAQREKPTWVEVDSAKMEGAFKRIPERSDLSAEINEQLIVELYSK	-		C(275) H(451) N(77) O(86) S(1)	SO_0255	ribosomal protein S4, RpsD	206	152	206	6	1041.55904	6240.300518	56	1.0	9.99E-308	9.99E-308
4120	M	KYYSRRLVKPEHLNPANTLFGGQLLSWIDEEAAIFAACQMKTTSHVTKLISEINFMTPARQGDVLEFGLELVSLGHSSITVSCQVRNKMTQAPVVSIDKMVFVNV	N	Acetyl 0,Dehydro 83,Oxidation 89	C(524) H(837) N(140) O(154) S(6)	SO_1486	thioesterase superfamily protein	122	2	106	15	784.6107882	11747.02919	11	5.0473E-04	1.623653E-04	0.698171
4122	T	QARIKAALEVAAQREKPTWVEVDSAKMEGAFKRIPERSDLSAEINEQLIVELYSK	-		C(275) H(451) N(77) O(86) S(1)	SO_0255	ribosomal protein S4, RpsD	206	152	206	9	694.7084523	6240.300518	19	0.9958	1.203699E-16	5.175908E-13
4124	-	MLILTRRVGETLMIGDEVTVTVLGVKGNQVRIGVNAPKEVSVHRE	E	Oxidation 13	C(213) H(370) N(64) O(65) S(2)	SO_3426	carbon storage regulator, CsrA	65	1	45	7	705.3947481	4928.705591	30	1.0	1.246298E-36	5.359081E-33
4125	-	MTNANKSLVVITGASSGIGAAIAKSFSAAGHPLLLLARRAEAMQALALPNSLSISVDVTDA	D	Oxidation 43	C(264) H(447) N(75) O(84) S(2)	SO_4141	oxidoreductase, short-chain dehydrogenase	243	1	61	8	760.9141984	6076.245311	10	0.0014	9.687182E-09	4.165488E-05
4128	-	MFPEYRDLISTLKTQDAHFQRKFNEHNQLDEEIKQLEKRVGSDFNPAVKELKSKKLHLKEEIY	Q		C(342) H(540) N(94) O(102) S(1)	SO_4134	protein of unknown function DUF465	70	1	63	8	955.0049336	7627.967838	32	1.0	2.581488E-21	1.11004E-17
4130	A	GEYQLDWHVSGEELIYHSCGCADSCWVAEVRQAKAEIPLIAKLRCDCEKLYFTDKTGVERVVAENCDDLNTDNKMDLIPERIKQLQSHFITPH	-	Dehydro 19,Dehydro 45,Dehydro 47,Dehydro 66	C(466) H(722) N(128) O(146) S(7)	SO_1027	hypothetical periplasmic protein	114	22	114	8	1335.64794	10671.10518	29	0.9994	6.061936E-15	2.606633E-11
4132	M	PDTEYRKGILLAVSAYCMWGFAPLYFKLLHHVSATEILLHRVIWSFVFMVIIMMFIGGFGKLRQLFKQPKQLIVLTITSLLIAGNWLLFI	W	Dehydro 17,Oxidation 49,Oxidation 53,Oxidation 54	C(504) H(778) N(117) O(115) S(5)	SO_4243	transport protein, RarD	294	2	91	14	749.2746479	10469.72307	8	9.5474E-05	0.015189	65.3146
4133	D	SFIAAVTEGLKEGDKISLVGFGTFEVRERAERTGRNPQTGEEIKIAAAKIPAFKAGKALKDAVN	-		C(302) H(496) N(86) O(92) S(0)	SO_1797	histone-like DNA-binding protein, HupB	90	27	90	8	851.4686698	6799.677727	43	1.0	3.163129E-28	1.360145E-24
4134	A	GEYQLDWHVSGEELIYHSCGCADSCWVAEVRQAKAEIPLIAKLRCDCEKLYFTDKTGVERVVAENCDDLNTDNKMDLIPERIKQLQSHFITPH	-	Dehydro 21,Dehydro 45,Dehydro 47,Dehydro 66	C(466) H(722) N(128) O(146) S(7)	SO_1027	hypothetical periplasmic protein	114	22	114	9	1187.354533	10671.10518	17	0.0412	2.369617E-07	0.001019
4137	M	SGWYELSKSSNDQFKFVLKAGNGEVILTSELYTGKSGAMNGIESVQTNSPIEARYAKEVAKNDKPYFNLKAA	N		C(352) H(548) N(92) O(112) S(1)	SO_3888	expressed tandem DUF1508 repeat protein of unknown function	110	2	73	9	877.8947049	7887.973436	44	1.0	3.285526E-37	1.412776E-33
4138	-	MLILTRRVGETLMIGDEVTVTVLGVKGNQVRIGVNAPKEVSVHREEIYQRIQSEKSGTPSEGGNF	-	Oxidation 13	C(308) H(515) N(91) O(99) S(2)	SO_3426	carbon storage regulator, CsrA	65	1	65	8	893.6027435	7136.750317	42	1.0	3.251044E-43	1.397949E-39
4139	M	SGWYELSKSSNDQFKFVLKAGNGEVILTSELYTGKSGAMNGIESVQTNSPIEARYAKEVAKNDKPYFNLKAA	N		C(352) H(548) N(92) O(112) S(1)	SO_3888	expressed tandem DUF1508 repeat protein of unknown function	110	2	73	7	1128.43397	7887.973436	85	1.0	3.417968E-66	1.469726E-62
4140	M	SGWYELSKSSNDQFKFVLKAGNGEVILTSELYTGKSGAMNGIESVQTNSPIEARYAKEVAKNDKPYFNLKAA	N		C(352) H(548) N(92) O(112) S(1)	SO_3888	expressed tandem DUF1508 repeat protein of unknown function	110	2	73	8	987.5056335	7887.973436	50	1.0	3.769076E-45	1.620703E-41
4142	A	GEYQLDWHVSGEELIYHSCGCADSCWVAEVRQAKAEIPLIAKLRCDCEKLYFTDKTGVERVVAENCDDLNTDNKMDLIPERIKQLQSHFITPH	-	Dehydro 19,Dehydro 21,Dehydro 25,Dehydro 45	C(466) H(722) N(128) O(146) S(7)	SO_1027	hypothetical periplasmic protein	114	22	114	7	1526.310892	10671.10518	20	0.8525	2.806048E-13	1.206601E-09
4143	H	GDNKVAVIKAIRGATGLGLKEAKAMSEAAPVAVKEGVSKEEAEALKKELVEAGASVEIK	-	Oxidation 25	C(261) H(452) N(72) O(86) S(1)	SO_0223	ribosomal protein L7	122	64	122	7	859.0505675	6003.292973	37	1.0	2.54814E-26	1.0957E-22
4144	M	PKYVSFLAAGCVFSLMLLSPMAIANDKSQVMMGEKTVTLEGKLPKLEQMAPRFKVVDDKFNPINLTDFKGKTILISAVPSLDTGVCALQTKRFNSEV	G	Acetyl 0,Oxidation 16,Dehydro 86	C(480) H(781) N(120) O(139) S(7)	SO_3341	antioxidant, AhpC	197	2	98	12	891.057109	10674.57786	11	5.4527E-04	4.435571E-04	1.907295
4145	M	SGWYELSKSSNDQFKFVLKAGNGEVILTSELYTGKSGAMNGIESVQTNSPIEARYAKEVAKNDKPYFNLKAA	N		C(352) H(548) N(92) O(112) S(1)	SO_3888	expressed tandem DUF1508 repeat protein of unknown function	110	2	73	6	1316.338419	7887.973436	79	1.0	2.795069E-65	1.20188E-61
4149	G	ETLMIGDEVTVTVLGVKGNQVRIGVNAPKEVSVHREEIYQRIQSEKSGTPSEGGNF	-	Oxidation 4	C(262) H(430) N(76) O(89) S(1)	SO_3426	carbon storage regulator, CsrA	65	10	65	6	1017.695264	6097.117862	15	0.5985	1.628656E-12	7.003219E-09
4150	-	MIKLGIVMDPISEINIKKDSSFAMLMAAQERGYQLFYMEMADLAIVNGVAMGNMRPLKVMNDANHWFELGEAKDTPLSELNVVLMRK	D	Acetyl 0,Oxidation 1,Oxidation 38,Oxidation 51	C(437) H(705) N(113) O(129) S(10)	SO_0831	glutathione synthetase, GshB	315	1	87	9	1103.89048	9919.928706	8	4.4509E-04	6.261008E-07	0.002692
4153	M	SNAPVDTGRRRFLTAATAVVGGAGAVAVAVPFIKSWNPSAKAKAAGAPVEVNISKVEPGQLIRVEWRGKPVWVVRRTEAVINELPTHDAQLRD	P		C(442) H(717) N(133) O(125) S(0)	SO_0608	ubiquinol-cytochrome c reductase, FeS subunit, PetA	196	2	94	10	990.4476615	9888.383721	35	1.0	6.101138E-26	2.623489E-22
4154	-	MKASELREKSVEELNAELLGLLREQFNLRMQHATGQLTQTHQLKLVRRNIARVKTIITSKAGA	-	Oxidation 30	C(310) H(534) N(98) O(93) S(2)	SO_0239	ribosomal protein L29, RpmC	63	1	63	7	1027.573625	7181.951023	22	0.9999	1.930668E-17	8.301871E-14
4157	M	SNAPVDTGRRRFLTAATAVVGGAGAVAVAVPFIKSWNPSAKAK	A		C(193) H(314) N(58) O(54) S(0)	SO_0608	ubiquinol-cytochrome c reductase, FeS subunit, PetA	196	2	44	6	719.4018519	4308.360743	20	1.0	1.203291E-20	5.174153E-17
4158	-	MFPEYRDLISTLKTQDAHFQRKFNEHNQLDEEIKQLEKRVGSDFNPAVKELKSK	K		C(287) H(453) N(81) O(88) S(1)	SO_4134	protein of unknown function DUF465	70	1	54	10	648.7401122	6474.318293	34	1.0	3.163907E-26	1.36048E-22
4159	A	HNFEDAKDAIQYRQSGFSLIAYNFGDMGAMMKGKKPFDAETFAMRAKN	V		C(241) H(364) N(66) O(71) S(4)	SO_3420	monoheme cytochrome c-prime	149	21	68	6	909.2720236	5446.578418	27	1.0	4.700066E-29	2.021028E-25
4160	M	SNAPVDTGRRRFLTAATAVVGGAGAVAVAVPFIKSWNPSAKAKAAGAPVEVNISKVEPGQLIRVEWRGKPVWVVRRTEAVINELPTHDAQLRD	P		C(442) H(717) N(133) O(125) S(0)	SO_0608	ubiquinol-cytochrome c reductase, FeS subunit, PetA	196	2	94	12	825.5409306	9888.383721	26	1.0	4.128701E-31	1.775341E-27
4162	F	NSDKGFGFIEQESGPDVFVHFRAINSDGFKTLDEGQKVSFTVTQGQKGPQAENVTVIG	-		C(277) H(423) N(75) O(91) S(0)	SO_2787	cold shock protein, CspA	69	12	69	6	1044.188582	6256.077771	24	1.0	2.143661E-36	9.217741E-33
4163	-	MFPEYRDLISTLKTQDAHFQRKFNEHNQLDEEIKQLEKRVGSDFNPAVKELKSK	K		C(287) H(453) N(81) O(88) S(1)	SO_4134	protein of unknown function DUF465	70	1	54	6	1080.562003	6474.318293	52	1.0	5.970475E-54	2.567304E-50
4164	M	SNAPVDTGRRRFLTAATAVVGGAGAVAVAVPFIKSWNPSAKAKAA	G		C(199) H(324) N(60) O(56) S(0)	SO_0608	ubiquinol-cytochrome c reductase, FeS subunit, PetA	196	2	46	6	743.0808899	4450.434971	32	1.0	3.21722E-41	1.383405E-37
4167	-	MLILTRRVGETLMIGDEVTVTVLGVKGNQVRIGVNAPKEVSVHREEIYQRIQSEKSGTPSEGGNF	-	Oxidation 13	C(308) H(515) N(91) O(99) S(2)	SO_3426	carbon storage regulator, CsrA	65	1	65	7	1021.116382	7136.750317	40	1.0	1.530577E-39	6.581481E-36
4168	M	SNAPVDTGRRRFLTAATAVVGGAGAVAVAVPFIKSWNPSAKAKAAGAPVEVNISKVEPGQLIRVEWRGKPVWVVRRTEAVINELPTHDAQLRDPA	S		C(450) H(729) N(135) O(127) S(0)	SO_0608	ubiquinol-cytochrome c reductase, FeS subunit, PetA	196	2	96	11	915.7794335	10056.4736	28	1.0	4.713924E-34	2.026987E-30
4169	-	MFPEYRDLISTLKTQDAHFQRKFNEHNQLDEEIKQLEKRVGSDFNPAVKELKSK	K		C(287) H(453) N(81) O(88) S(1)	SO_4134	protein of unknown function DUF465	70	1	54	11	589.855309	6474.318293	34	1.0	6.75378E-30	2.904126E-26
4172	-	MLILTRRVGETLMIGDEVTVTVLGVKGNQVRIGVNAPKEVSVHREEIYQRIQSEKS	G		C(272) H(465) N(81) O(84) S(2)	SO_3426	carbon storage regulator, CsrA	65	1	56	7	897.7808008	6274.404606	37	1.0	4.678152E-33	2.011606E-29
4175	-	MLILTRRVGETLMIGDEVTVTVLGVKGNQVRIGVNAPKEVSVHREEIYQRIQSEKSGTPSEGGNF	-	Oxidation 1	C(308) H(515) N(91) O(99) S(2)	SO_3426	carbon storage regulator, CsrA	65	1	65	8	893.6027435	7136.750317	37	1.0	5.860798E-46	2.520143E-42
4177	-	MLILTRRVGETLMIGDEVTVTVLGVKGNQVRIGVNAPKEVSVHREEIYQRIQSEKS	G		C(272) H(465) N(81) O(84) S(2)	SO_3426	carbon storage regulator, CsrA	65	1	56	6	1047.243055	6274.404606	57	1.0	1.938286E-43	8.334629E-40
4178	-	MLILTRRVGETLMIGDEVTVTVLGVKGNQVRIGVNAPKEVSVHREEIYQRIQSEKS	G		C(272) H(465) N(81) O(84) S(2)	SO_3426	carbon storage regulator, CsrA	65	1	56	9	698.4977954	6274.404606	37	1.0	5.342358E-50	2.297214E-46
4182	M	AKLHDKYQETVVAELTQKFGYTSVMQVPRIE	K		C(162) H(258) N(42) O(49) S(1)	SO_0243	ribosomal protein L5, RplE	179	2	32	4	903.4766676	3607.870855	28	1.0	9.99E-308	9.99E-308
4187	-	MTIENISCNKSFGGWHKQYRHQSQVLNCQMRFAIYLPPEAANKPVPVLYWLSGLTCTDENFMQKAGAQRIAAQLGMAIVAPDTSPRGDEVA	D	Dehydro 8	C(446) H(694) N(125) O(130) S(7)	SO_2055	S-formylglutathione hydrolase, FrmB	279	1	91	8	1264.87957	10104.95822	12	2.8849E-04	8.419844E-05	0.362053
4188	-	MAFETINLGTHPAGTGGDTARSAFEKTNRNFLAVEVLSSAMSQAQFEANRAQNKERYAASGWVSFGNHESGKQVNECKPGLYTALTTPNTLLIG	K	Oxidation 1,Oxidation 41,Dehydro 77	C(438) H(682) N(127) O(143) S(3)	SO_2951	prophage LambdaSo expressed protein	704	1	94	9	1124.444633	10104.91608	7	1.5894E-04	9.390456E-04	4.037896
4189	-	MLILTRRVGETLMIGDEVTVTVLGVKGNQVRIGVNAPKEVSVHREEIYQRIQSEKS	G		C(272) H(465) N(81) O(84) S(2)	SO_3426	carbon storage regulator, CsrA	65	1	56	5	1256.490211	6274.404606	62	1.0	1.1401E-41	4.902431E-38
4192	-	MLILTRRVGETLMIGDEVTVTVLGVKGNQVRIGVNAPKEVSVHREEIYQRIQSEK	S		C(269) H(460) N(80) O(82) S(2)	SO_3426	carbon storage regulator, CsrA	65	1	55	7	885.3476539	6187.372577	42	1.0	6.940144E-41	2.984262E-37
4193	-	MLILTRRVGETLMIGDEVTVTVLGVKGNQVRIGVNAPKEVSVHREEIYQRIQSEKSGTPSEGGNF	-		C(308) H(515) N(91) O(98) S(2)	SO_3426	carbon storage regulator, CsrA	65	1	65	9	792.6482567	7120.755402	19	1.0	4.015711E-19	1.726756E-15
4194	M	SNAPVDTGRRRFLTAATAVVGGAGAVAVAVPFIKSWNPSAKAKAAGAPVEVN	I		C(228) H(370) N(68) O(66) S(0)	SO_0608	ubiquinol-cytochrome c reductase, FeS subunit, PetA	196	2	53	6	854.3037307	5116.768661	27	1.0	2.340022E-26	1.006209E-22
4195	Q	NLDVVRVDVERNLLLVKGAVPGATNGDLIIKPAVKA	-		C(168) H(292) N(48) O(49) S(0)	SO_0231	ribosomal protein L3, RplC	212	177	212	5	754.6452742	3766.183279	42	1.0	8.200976E-35	3.52642E-31
4197	M	SNAPVDTGRRRFLTAATAVVGGAGAVAVAVPFIKSWNPSAKAK	A		C(193) H(314) N(58) O(54) S(0)	SO_0608	ubiquinol-cytochrome c reductase, FeS subunit, PetA	196	2	44	5	863.080767	4308.360743	20	0.9977	1.26957E-19	5.459149E-16
4199	-	MKALLANIFGHWQSPPWMHWCKAHPGKSIGSLLALLLVSAGLWTAWDWYQHLPQPQTVQSSIFAPSLTNYEADKPEVAPLVIRFSDSV	A	Acetyl 0,Oxidation 1,Oxidation 18	C(464) H(690) N(116) O(123) S(3)	SO_0066	YfhM family alpha2-macroglobulin	1898	1	88	13	766.9354841	9951.04657	7	1.1248E-04	0.001817	7.81371
4202	-	MLILTRRVGETLMIGDEVTVTVLGVKGNQVRIGVNAPKEVSVHREEIYQRIQSEKSGTPSEGGNF	-		C(308) H(515) N(91) O(98) S(2)	SO_3426	carbon storage regulator, CsrA	65	1	65	6	1188.468747	7120.755402	74	1.0	3.699851E-60	1.590936E-56
4203	M	AITVNTNVTSLKAQKNLNTSASDLATSMERLSSGLRINSAKDDAAGLAIS	N		C(213) H(369) N(65) O(78) S(1)	SO_3237	flagellin, FliC_1	272	2	51	5	1025.141821	5117.66266	15	6.4305E-04	6.430301E-08	2.765029E-04
4207	-	MLILTRRVGETLMIGDEVTVTVLGVKGNQVRIGVNAPKEVSVHREEIYQRIQSEKSGTPSEGGNF	-		C(308) H(515) N(91) O(98) S(2)	SO_3426	carbon storage regulator, CsrA	65	1	65	8	891.6033792	7120.755402	52	1.0	2.616746E-40	1.125201E-36
4208	-	MLILTRRVGETLMIGDEVTVTVLGVKGNQVRIGVNAPKEVSVHREEIYQRIQSEKSGTPSEGGNF	-		C(308) H(515) N(91) O(98) S(2)	SO_3426	carbon storage regulator, CsrA	65	1	65	5	1425.961041	7120.755402	68	1.0	1.090067E-39	4.687286E-36
4212	-	MLILTRRVGETLMIGDEVTVTVLGVKGNQVRIGVNAPKEVSVHREEIYQRIQSEK	S		C(269) H(460) N(80) O(82) S(2)	SO_3426	carbon storage regulator, CsrA	65	1	55	6	1032.737717	6187.372577	28	1.0	6.403363E-25	2.753446E-21
4217	-	MLILTRRVGETLMIGDEVTVTVLGVKGNQVRIGVNAPKEVSVHREEIYQRIQSEKSGTPSEGGNF	-		C(308) H(515) N(91) O(98) S(2)	SO_3426	carbon storage regulator, CsrA	65	1	65	10	713.4841586	7120.755402	20	1.0	1.343964E-24	5.779045E-21
4224	-	MLILTRRVGETLMIGDEVTVTVLGVKGNQVRIGVNAPKEVSVHREEIYQRIQSEKSGTPSEGGNF	-		C(308) H(515) N(91) O(98) S(2)	SO_3426	carbon storage regulator, CsrA	65	1	65	10	713.4841586	7120.755402	9	0.0872	8.628831E-12	3.710397E-08
4233	-	MINTLVNKLLITYGKANLSAWDNLRVLLSECASQQFQAKGFEVDCGDSRSHYWVQLDDCWLDCGRTNAYNADIIRVADDDIRRAKIIG	L	Acetyl 0,Oxidation 1,Dehydro 59	C(439) H(688) N(125) O(136) S(5)	SO_0927	hypothetical protein	113	1	88	9	1118.002471	10046.93662	8	0.1051	3.720869E-07	0.0016
4237	-	MEPIKNLPRLCRTLGYEFKNLDLLTQALTHRSAANKHNERLEFLGDSILSIVISDALYHQFPKATEGDLSRMRATLVRGDTLTLIAQAFKLGDYLFLGPGELKSGGFRRESILADAVEAIIGAIYLDSDLEVCRQLLLNWYAERLAEIQPGINQKDA	K	Acetyl 0,Dehydro 133	C(789) H(1263) N(216) O(233) S(4)	SO_1348	ribonuclease III, Rnc	226	1	157	19	928.9169577	17620.25039	9	3.4133E-04	3.760448	16169.92
4239	A	TVYKWVDKDGKVHYSDEPHPNAEIVELKEKTLNQITLPLVSADSNDSQVIEQIKYQVVITSPAEEETVRDNNGDFQVTATVTPEIKSQYLMALKLDGKTIGQPQIGGTFKLSNIDRGEHTIVVDAMTQNGKVFASSSPRKIFLHQAAMTPAPKKQPRSN	-		C(778) H(1247) N(213) O(247) S(3)	SO_4470	conserved periplasmic protein	177	19	177	21	840.6313839	17622.07271	10	0.004	0.37418	1608.975
4240	L	GQILGPRGLMPNPKTGTVTPNVAEAVKNAKAGQVRYRNDKNGIIHTTIGKVDFTPVQLKENLEALISALKKAKPAVAKGVYVKKVSISTTMGAGVAVDQASLETAN	-		C(488) H(822) N(140) O(147) S(2)	SO_0221	ribosomal protein L1, RplA	233	128	233	11	1007.014482	11060.05913	23	0.9999	3.16894E-21	1.362644E-17
4242	-	MFPEYRDLISTLKTQDAHFQRKFNEHNQLDEEIKQLEKRVGSDFNPAVKELKSKKLHLKEEIYQILKSHS	-	Oxidation 1	C(377) H(599) N(105) O(113) S(1)	SO_4134	protein of unknown function DUF465	70	1	70	10	845.2496929	8437.40739	43	1.0	3.96857E-33	1.706485E-29
4243	-	MFPEYRDLISTLKTQDAHFQRKFNEHNQLDEEIKQLEKRVGSDFNPAVKELKSKKLHLKEEIYQILKSHS	-	Oxidation 1	C(377) H(599) N(105) O(113) S(1)	SO_4134	protein of unknown function DUF465	70	1	70	9	939.0544058	8437.40739	55	1.0	1.979005E-50	8.509721E-47
4245	M	SKGKKYDFRVTQAENGWKTEITRRMTSTKTVVSKSHDGFATEAEAQAWGQAELQVFLGTLVERNKRRSEKQAKAKLAAALAAEAATDADDFDDEDEFD	E		C(472) H(745) N(137) O(159) S(1)	SO_0808	conserved protein of unknown function	101	2	99	9	1213.722211	10908.41429	25	1.0	2.161345E-20	9.293783E-17
4248	A	TVYKWVDKDGKVHYSDEPHPNAEIVELKEKTLNQITLPLVSADSNDSQVIEQIKYQVVITSPAEEETVRDNNGDFQVTATVTPEIKSQYLMALKLDGKTIGQPQIGGTFKLSNIDRGEHTIVVDAMTQNGKVFASSSPRKIFLHQAAMTPAPKKQPRSN	-		C(778) H(1247) N(213) O(247) S(3)	SO_4470	conserved periplasmic protein	177	19	177	17	1038.189997	17622.07271	19	0.4379	2.252072E-05	0.096839
4249	M	ALRLEDKKAIVAEVNEAAKGALSAVAADSRGVTVGAMTGLRKKA	R		C(190) H(335) N(59) O(60) S(1)	SO_0222	ribosomal protein L10, RplJ	166	2	45	7	634.932478	4435.469701	17	0.3931	7.027262E-14	3.021723E-10
4250	-	MFPEYRDLISTLKTQDAHFQRKFNEHNQLDEEIKQLEKRVGSDFNPAVKELKSKKLHLKEEIYQILKSHS	-	Oxidation 1	C(377) H(599) N(105) O(113) S(1)	SO_4134	protein of unknown function DUF465	70	1	70	9	939.0544058	8437.40739	74	1.0	6.744898E-73	2.900306E-69
4252	-	MFPEYRDLISTLKTQDAHFQRKFNEHNQLDEEIKQLEKRVGSDFNPAVKELKSKKLHLKEEIYQILKSHS	-	Oxidation 1	C(377) H(599) N(105) O(113) S(1)	SO_4134	protein of unknown function DUF465	70	1	70	13	650.4245199	8437.40739	46	1.0	1.1908E-46	5.120441E-43
4253	M	SYTITAQTRTEIGKGSSRRLRHAGKVPAVIYGAGKEPVSIVFDHKDIINAQANDDFYTSVVTIVLDGKEVGVRAQAMQRH	A		C(383) H(621) N(115) O(117) S(1)	SO_2112	ribosomal protein L25, RplY	95	2	81	9	972.1858002	8735.589939	49	1.0	1.285945E-49	5.529562E-46
4254	A	KHDNDKKDKDLPPGLQKKVDNGQPLPPGWQRKLRRGDILDDDIYDRGRVVVPLDRDGRISIQVEGSIIKLDEKSRKILDIVNIITD	-		C(431) H(720) N(130) O(133) S(0)	SO_1968	putative periplasmic protein	110	25	110	8	1232.429454	9845.357291	49	1.0	1.122841E-39	4.828216E-36
4255	-	MFPEYRDLISTLKTQDAHFQRKFNEHNQLDEEIKQLEKRVGSDFNPAVKELKSKKLHLKEEIYQILKSHS	-	Oxidation 1	C(377) H(599) N(105) O(113) S(1)	SO_4134	protein of unknown function DUF465	70	1	70	7	1207.067871	8437.40739	53	1.0	4.212734E-42	1.811476E-38
4257	M	SYTITAQTRTEIGKGSSRRLRHAGKVPAVIYGAGKEPVSIVFDHKDIINAQANDDFYTSVVTIVLDGKEVGVRAQAMQRH	A		C(383) H(621) N(115) O(117) S(1)	SO_2112	ribosomal protein L25, RplY	95	2	81	10	875.0679478	8735.589939	34	1.0	1.08005E-36	4.644214E-33
4258	M	SYTITAQTRTEIGKGSSRRLRHAGKVPAVIYGAGKEPVSIVFDHKDIINAQANDDFYTSVVTIVLDGKEVGVRAQAMQRH	A		C(383) H(621) N(115) O(117) S(1)	SO_2112	ribosomal protein L25, RplY	95	2	81	8	1093.583116	8735.589939	68	1.0	2.240899E-62	9.635867E-59
4259	M	SYTITAQTRTEIGKGSSRRLRHAGKVPAVIYGAGKEPVSIVFDHKDIINAQANDDFYTSVVTIVLDGKEVGVRAQAMQRH	A		C(383) H(621) N(115) O(117) S(1)	SO_2112	ribosomal protein L25, RplY	95	2	81	12	729.3911693	8735.589939	42	1.0	1.326061E-38	5.702061E-35
4260	M	SYTITAQTRTEIGKGSSRRLRHAGKVPAVIYGAGKEPVSIVFDHKDIINAQANDDFYTSVVTIVLDGKEVGVRAQAMQRH	A		C(383) H(621) N(115) O(117) S(1)	SO_2112	ribosomal protein L25, RplY	95	2	81	7	1249.665378	8735.589939	78	1.0	1.856539E-77	7.983119E-74
4262	A	KHDNDKKDKDLPPGLQKKVDNGQPLPPGWQRKLRRGDILDDDIYDRGRVVVPLDRDGRISIQVEGSIIKLDEKSRKILDIVNIITD	-		C(431) H(720) N(130) O(133) S(0)	SO_1968	putative periplasmic protein	110	25	110	10	986.1450185	9845.357291	42	1.0	3.753593E-23	1.614045E-19
4263	A	KHDNDKKDKDLPPGLQKKVDNGQPLPPGWQRKLRRGDILDDDIYDRGRVVVPLDRDGRISIQVEGSIIKLDEKSRKILDIVNIITD	-		C(431) H(720) N(130) O(133) S(0)	SO_1968	putative periplasmic protein	110	25	110	12	821.9553948	9845.357291	14	0.0016	1.271617E-05	0.05468
4264	M	SYTITAQTRTEIGKGSSRRLRHAGKVPAVIYGAGKEPVSIVFDHKDIINAQANDDFYTSVVTIVLDGKEVGVRAQAMQRH	A		C(383) H(621) N(115) O(117) S(1)	SO_2112	ribosomal protein L25, RplY	95	2	81	8	1093.583116	8735.589939	57	1.0	1.407553E-35	6.052477E-32
4265	H	ALRLKDLVKKTERQLSDYQRQLSMVKTTESVQKATATITDSFASSNSKLLNAKDSLERIKARQQQFDDRLKAAETLAEEGSDKSLQAKLAEAGIGEQKSNANAVLERIKARKS	-		C(535) H(912) N(164) O(179) S(1)	SO_3765	PspA	229	117	229	15	836.8556659	12530.70236	46	1.0	1.894216E-28	8.145127E-25
4267	A	KHDNDKKDKDLPPGLQKKVDNGQPLPPGWQRKLRRGDILDDDIYDRGRVVVPLDRDGRISIQVEGSIIKLDEKSRKILDIVNIITD	-		C(431) H(720) N(130) O(133) S(0)	SO_1968	putative periplasmic protein	110	25	110	13	758.8055396	9845.357291	20	0.7712	5.678298E-11	2.441668E-07
4268	A	KHDNDKKDKDLPPGLQKKVDNGQPLPPGWQRKLRRGDILDDDIYDRGRVVVPLDRDGRISIQVEGSIIKLDEKSRKILDIVNIITD	-		C(431) H(720) N(130) O(133) S(0)	SO_1968	putative periplasmic protein	110	25	110	7	1408.346908	9845.357291	35	1.0	2.151018E-20	9.249376E-17
4269	H	ALRLKDLVKKTERQLSDYQRQLSMVKTTESVQKATATITDSFASSNSKLLNAKDSLERIKARQQQFDDRLKAAETLAEEGSDKSLQAKLAEAGIGEQKSNANAVLERIKARKS	-		C(535) H(912) N(164) O(179) S(1)	SO_3765	PspA	229	117	229	18	697.547601	12530.70236	19	0.263	9.108703E-09	3.916742E-05
4270	A	QQPIIVSYAVQPVSHFNQQLRIAQEQHQAWSTDPTAISSQYAGNKFTLVRTQPTKNGVFTYQVSEISKQHPQMLLILSLKKDAQRWQVDSAQLAWKCSEGQHFGTDRCNIGEHEASTAP	-	Dehydro 97,Dehydro 108	C(593) H(917) N(171) O(181) S(3)	SO_1317	hypothetical periplasmic protein	142	24	142	14	960.5589772	13425.69697	17	0.8705	2.241245E-09	9.637351E-06
4272	M	SYTITAQTRTEIGKGSSRRLRHAGKVPAVIYGAGKEPVSIVFDHKDIINAQANDDFYTSVVTIVLDGKEVGVRAQAMQRH	A		C(383) H(621) N(115) O(117) S(1)	SO_2112	ribosomal protein L25, RplY	95	2	81	13	673.3616391	8735.589939	34	1.0	1.254483E-28	5.394277E-25
4274	M	AIKSFSHKKLKQFYFNDDASGLNPNHLKALSFALDAIDSSHHPKDLKGIYSHKFSEKKGSGEGVYSIEINGNWRLTFQIDDDGAILLDYVDYHGKQIKAR	-		C(513) H(781) N(139) O(151) S(0)	SO_A0022	plasmid maintenance system toxin protein, HigB	101	2	101	13	871.0681131	11304.77075	31	1.0	2.640117E-21	1.13525E-17
4277	-	MFPEYRDLISTLKTQDAHFQRKFNEHNQLDEEIKQLEKRVGSDFNPAVKELK	S		C(278) H(436) N(78) O(85) S(1)	SO_4134	protein of unknown function DUF465	70	1	52	8	783.7824472	6259.191302	36	1.0	2.762676E-18	1.187951E-14
4278	H	ALRLKDLVKKTERQLSDYQRQLSMVKTTESVQKATATITDSFASSNSKLLNAKDSLERIKARQQQFDDRLKAAETLAEEGSDKSLQAKLAEAGIGEQKSNANAVLERIKARKS	-		C(535) H(912) N(164) O(179) S(1)	SO_3765	PspA	229	117	229	13	965.4477258	12530.70236	53	1.0	4.545422E-40	1.954531E-36
4279	H	ALRLKDLVKKTERQLSDYQRQLSMVKTTESVQKATATITDSFASSNSKLLNAKDSLERIKARQQQFDDRLKAAETLAEEGSDKSLQAKLAEAGIGEQKSNANAVLERIKARKS	-		C(535) H(912) N(164) O(179) S(1)	SO_3765	PspA	229	117	229	17	738.5205613	12530.70236	31	1.0	1.0349E-19	4.450071E-16
4280	V	GAMTHPTTKVGKIEASIAGNTVTAVGAGFNKSNAYSFTNTVAPIVYPAANKNGCTAYTEDLTGKTVLIDRGTCGFVVKVL	N	Dehydro 54,Dehydro 73	C(362) H(579) N(97) O(113) S(3)	SO_3800	surface-associated serine protease	1215	342	421	7	1171.462113	8189.170439	51	1.0	1.407292E-38	6.051355E-35
4282	-	MFPEYRDLISTLKTQDAHFQRKFNEHNQLDEEIKQLEKRVGSDFNPAVKELKSKKLHLKEEIYQILKSHS	-	Oxidation 1	C(377) H(599) N(105) O(113) S(1)	SO_4134	protein of unknown function DUF465	70	1	70	12	704.5426235	8437.40739	41	1.0	1.065325E-31	4.580896E-28
4283	-	MKASELREKSVEELNAELLGLLREQFNLRMQHATGQLTQTHQLKLVRRNIARVKTIITSKAGA	-		C(310) H(534) N(98) O(92) S(2)	SO_0239	ribosomal protein L29, RpmC	63	1	63	11	652.8226881	7165.956108	50	1.0	3.592874E-55	1.544936E-51
4285	-	MFPEYRDLISTLKTQDAHFQRKFNEHNQLDEEIKQLEKRVGSDFNPAVKELKSKKLHLKEEIYQILKSHS	-		C(377) H(599) N(105) O(112) S(1)	SO_4134	protein of unknown function DUF465	70	1	70	10	843.6502014	8421.412475	39	1.0	2.620626E-29	1.126869E-25
4287	-	MFPEYRDLISTLKTQDAHFQRKFNEHNQLDEEIKQLEKRVGSDFNPAVKELKSKKLHLKEEIYQILKSHS	-		C(377) H(599) N(105) O(112) S(1)	SO_4134	protein of unknown function DUF465	70	1	70	11	767.0462992	8421.412475	29	0.9998	3.349621E-20	1.440337E-16
4288	-	MFPEYRDLISTLKTQDAHFQRKFNEHNQLDEEIKQLEKRVGSDFNPAVKELKSKKLHLKEEIYQILKSHS	-		C(377) H(599) N(105) O(112) S(1)	SO_4134	protein of unknown function DUF465	70	1	70	9	937.2771931	8421.412475	67	1.0	2.696123E-67	1.159333E-63
4289	-	MKASELREKSVEELNAELLGLLREQFNLRMQHATGQLTQTHQLKLVRRNIARVKTIITSKAGA	-		C(310) H(534) N(98) O(92) S(2)	SO_0239	ribosomal protein L29, RpmC	63	1	63	12	598.5047371	7165.956108	40	1.0	1.207463E-47	5.19209E-44
4290	-	MFPEYRDLISTLKTQDAHFQRKFNEHNQLDEEIKQLEKRVGSDFNPAVKELKSKKLHLKEEIYQILKSHS	-		C(377) H(599) N(105) O(112) S(1)	SO_4134	protein of unknown function DUF465	70	1	70	8	1054.310933	8421.412475	82	1.0	2.342888E-77	1.007442E-73
4292	-	MFPEYRDLISTLKTQDAHFQRKFNEHNQLDEEIKQLEKRVGSDFNPAVKELKSKKLHLKEEIYQILKSHS	-		C(377) H(599) N(105) O(112) S(1)	SO_4134	protein of unknown function DUF465	70	1	70	12	703.2097139	8421.412475	30	0.9999	1.765503E-20	7.591661E-17
4293	-	MFPEYRDLISTLKTQDAHFQRKFNEHNQLDEEIKQLEKRVGSDFNPAVKELKSKKLHLKEEIYQILKSHS	-		C(377) H(599) N(105) O(112) S(1)	SO_4134	protein of unknown function DUF465	70	1	70	14	602.89508	8421.412475	49	1.0	2.647442E-42	1.1384E-38
4294	S	ITRAVTSRLFGLTKSFEFTTHQGGSQRAMMAFGQLDRVMPLDILPTLLVRDLVVRDTDEAQALGALELDEEDLALCTFVCPGKYDFGKELRACLDVIEREG	-	Acetyl 0,Oxidation 29,Oxidation 39,Dehydro 76	C(496) H(797) N(134) O(155) S(6)	SO_0902	Na-translocating NADH-quinone reductase subunit A, NqrA	456	356	456	12	943.400009	11302.69266	13	5.8293E-04	4.481414E-04	1.927008
4295	-	MFPEYRDLISTLKTQDAHFQRKFNEHNQLDEEIKQLEKRVGSDFNPAVKELKSKKLHLKEEIYQILKSHS	-		C(377) H(599) N(105) O(112) S(1)	SO_4134	protein of unknown function DUF465	70	1	70	15	562.7692264	8421.412475	47	1.0	1.687672E-39	7.256989E-36
4297	-	MLILTRRVGETLMIGDEVTVTVLGVKGNQVRIGVNAPKEVSVHREEIYQRIQSE	K		C(263) H(448) N(78) O(81) S(2)	SO_3426	carbon storage regulator, CsrA	65	1	54	7	867.0483734	6059.277614	43	1.0	3.767471E-38	1.620012E-34
4298	M	SNAPVDTGRRRFLTAATAVVGGAGAVAVAVPFIKSWNPSAKAKAAGAPVEVNIS	K		C(237) H(386) N(70) O(69) S(0)	SO_0608	ubiquinol-cytochrome c reductase, FeS subunit, PetA	196	2	55	5	1064.98624	5316.884753	51	1.0	2.548423E-49	1.095822E-45
4300	-	MKASELREKSVEELNAELLGLLREQFNLRMQHATGQLTQTHQLKLVRRNIARVKTIITSKAGA	-		C(310) H(534) N(98) O(92) S(2)	SO_0239	ribosomal protein L29, RpmC	63	1	63	10	718.0042292	7165.956108	45	1.0	3.01581E-52	1.296798E-48
4302	-	MLILTRRVGETLMIGDEVTVTVLGVKGNQVRIGVNAPKEVSVHREEIYQRIQ	S		C(255) H(436) N(76) O(76) S(2)	SO_3426	carbon storage regulator, CsrA	65	1	52	6	975.3761193	5843.202993	56	1.0	6.92429E-45	2.977445E-41
4303	-	MLILTRRVGETLMIGDEVTVTVLGVKGNQVRIGVNAPKEVSVHREEIYQRIQ	S		C(255) H(436) N(76) O(76) S(2)	SO_3426	carbon storage regulator, CsrA	65	1	52	8	731.7839086	5843.202993	44	1.0	8.229371E-40	3.53863E-36
4304	F	PEYRDLISTLKTQDAHFQRKFNEHNQLDEEIKQLEKRVGSDFNPAVKELKSKKLHLKEEIYQILKSHS	-		C(363) H(581) N(103) O(110) S(0)	SO_4134	protein of unknown function DUF465	70	3	70	12	679.9503595	8143.303577	50	1.0	2.216424E-46	9.530621E-43
4307	-	MLILTRRVGETLMIGDEVTVTVLGVKGNQVRIGVNAPKEVSVHREEIYQRIQSEKSGTPSEGGNF	-		C(308) H(515) N(91) O(98) S(2)	SO_3426	carbon storage regulator, CsrA	65	1	65	8	891.6033792	7120.755402	36	1.0	1.64346E-39	7.066877E-36
4308	-	MLILTRRVGETLMIGDEVTVTVLGVKGNQVRIGVNAPKEVSVHREEIYQRIQ	S		C(255) H(436) N(76) O(76) S(2)	SO_3426	carbon storage regulator, CsrA	65	1	52	5	1170.249888	5843.202993	70	1.0	1.638643E-42	7.046165E-39
4312	-	MLILTRRVGETLMIGDEVTVTVLGVKGNQVRIGVNAPKEVSVHREEIYQRIQSEKSGTPSEGGNF	-		C(308) H(515) N(91) O(98) S(2)	SO_3426	carbon storage regulator, CsrA	65	1	65	7	1018.831394	7120.755402	48	1.0	9.118435E-34	3.920927E-30
4320	F	PEYRDLISTLKTQDAHFQRKFNEHNQLDEEIKQLEKRVGSDFNPAVKELKSKKLHLKEEIYQILKSHS	-		C(363) H(581) N(103) O(110) S(0)	SO_4134	protein of unknown function DUF465	70	3	70	13	627.7239685	8143.303577	39	1.0	5.918796E-36	2.545082E-32
4322	-	MFPEYRDLISTLKTQDAHFQRKFNEHNQLDEEIKQLEKRVGSDFNPAVKELKSKKLHLKEEIYQILKSHS	-		C(377) H(599) N(105) O(112) S(1)	SO_4134	protein of unknown function DUF465	70	1	70	13	649.1941418	8421.412475	39	1.0	2.79724E-30	1.202813E-26
4327	-	MQNQRIRIRLKGFDHRLIDQSTAEIVETAKRTGAQVRGPIPLPTRKERYTVLISPHVNKDARDQYELRTHKRLVDIVEPTEKTVDALMRLDLAAGVDVQISLG	-		C(513) H(861) N(159) O(153) S(2)	SO_0230	ribosomal protein S10, RpsJ	103	1	103	12	981.7085836	11761.3922	21	1.0	1.086005E-22	4.669822E-19
4328	H	DNDKKDKDLPPGLQKKVDNGQPLPPGWQRKLRRGDILDDDIYDRGRVVVPLDRDGRISIQVEGSIIKLDEKSRKILDIVNIITD	-		C(419) H(701) N(125) O(131) S(0)	SO_1968	putative periplasmic protein	110	27	110	8	1199.1598	9580.203416	44	1.0	2.33206E-31	1.002786E-27
4329	M	SNAPVDTGRRRFLTAATAVVGGAGAVAVAVPFIKSWNPSAKAKAAGAPVEVNIS	K		C(237) H(386) N(70) O(69) S(0)	SO_0608	ubiquinol-cytochrome c reductase, FeS subunit, PetA	196	2	55	5	1064.98624	5316.884753	38	1.0	1.515503E-21	6.516662E-18
4332	-	MQNQRIRIRLKGFDHRLIDQSTAEIVETAKRTGAQVRGPIPLPTRKERYTVLISPHVNKDARDQYELRTHKRLVDIVEPTEKTVDALMRLDLAAGVDVQISLG	-		C(513) H(861) N(159) O(153) S(2)	SO_0230	ribosomal protein S10, RpsJ	103	1	103	11	1070.863248	11761.3922	24	1.0	3.498789E-23	1.504479E-19
4334	-	MQNQRIRIRLKGFDHRLIDQSTAEIVETAKRTGAQVRGPIPLPTRKERYTVLISPHVNKDARDQYELRTHKRLVDIVEPTEKTVDALMRLDLAAGVDVQISLG	-		C(513) H(861) N(159) O(153) S(2)	SO_0230	ribosomal protein S10, RpsJ	103	1	103	8	1472.059237	11761.3922	31	0.4886	5.945334E-09	2.556494E-05
4335	-	MQNQRIRIRLKGFDHRLIDQSTAEIVETAKRTGAQVRGPIPLPTRKERYTVLISPHVNKDARDQYELRTHKRLVDIVEPTEKTVDALMRLDLAAGVDVQISLG	-		C(513) H(861) N(159) O(153) S(2)	SO_0230	ribosomal protein S10, RpsJ	103	1	103	13	906.2700215	11761.3922	32	1.0	9.563633E-34	4.112362E-30
4337	-	MKASELREKSVEELNAELLGLLREQFNLRMQHATGQLTQTHQLKLVRRNIARVKTIITSKAGA	-		C(310) H(534) N(98) O(92) S(2)	SO_0239	ribosomal protein L29, RpmC	63	1	63	8	897.2534674	7165.956108	41	1.0	3.227616E-43	1.387875E-39
4338	-	MQNQRIRIRLKGFDHRLIDQSTAEIVETAKRTGAQVRGPIPLPTRKERYTVLISPHVNKDARDQYELRTHKRLVDIVEPTEKTVDALMRLDLAAGVDVQISLG	-		C(513) H(861) N(159) O(153) S(2)	SO_0230	ribosomal protein S10, RpsJ	103	1	103	9	1308.609019	11761.3922	41	1.0	7.863944E-25	3.381496E-21
4339	-	MQNQRIRIRLKGFDHRLIDQSTAEIVETAKRTGAQVRGPIPLPTRKERYTVLISPHVNKDARDQYELRTHKRLVDIVEPTEKTVDALMRLDLAAGVDVQISLG	-		C(513) H(861) N(159) O(153) S(2)	SO_0230	ribosomal protein S10, RpsJ	103	1	103	10	1177.848845	11761.3922	38	1.0	9.308507E-22	4.002658E-18
4343	-	MLILTRRVGETLMIGDEVTVTVLGVKGNQVRIGVNAPKEVSVHREEIYQRIQSE	K		C(263) H(448) N(78) O(81) S(2)	SO_3426	carbon storage regulator, CsrA	65	1	54	6	1011.388556	6059.277614	55	1.0	2.176667E-46	9.359667E-43
4347	-	MQNQRIRIRLKGFDHRLIDQSTAEIVETAKRTGAQVRGPIPLPTRKERYTVLISPHVNKDARDQYELRTHKRLVDIVEPTEKTVDALMRLDLAAGVDVQISLG	-		C(513) H(861) N(159) O(153) S(2)	SO_0230	ribosomal protein S10, RpsJ	103	1	103	13	906.2700215	11761.3922	27	1.0	5.836724E-33	2.509791E-29
4350	M	SYTITAQTRTEIGKGSSRRLRHAGKVPAVIYGAGKEPVSIVFDHKDIINAQANDDFYTSVVTIVLDGKEVGVRAQ	A		C(358) H(580) N(104) O(111) S(0)	SO_2112	ribosomal protein L25, RplY	95	2	76	9	902.8191831	8112.29374	24	1.0	1.43441E-21	6.167963E-18
4357	-	MLILTRRVGETLMIGDEVTVTVLGVKGNQVRIGVNAPKEVSVHRE	E		C(213) H(370) N(64) O(64) S(2)	SO_3426	carbon storage regulator, CsrA	65	1	45	6	820.1268409	4912.710677	38	1.0	2.611309E-30	1.122863E-26
4362	A	KVKFFVDKLDAITWLKEELHDD	-		C(126) H(193) N(29) O(36) S(0)	SO_3682	expressed protein of unknown function	132	111	132	5	538.8912083	2688.416304	40	1.0	9.99E-308	9.99E-308
4363	-	MLILTRRVGETLMIGDEVTVTVLGVKGNQVRIGVNAPKEVSVHREE	I		C(218) H(377) N(65) O(67) S(2)	SO_3426	carbon storage regulator, CsrA	65	1	46	7	721.6877528	5041.75327	36	1.0	2.020301E-40	8.687294E-37
4364	M	SYTITAQTRTEIGKGSSRRLRHAGKVPAVIYGAGKEPVSIVFDHKDIINAQANDDFYTSVVTIVLDGKEVGVRAQ	A		C(358) H(580) N(104) O(111) S(0)	SO_2112	ribosomal protein L25, RplY	95	2	76	7	1160.479728	8112.29374	78	1.0	1.733983E-77	7.456128E-74
4365	-	MQNQRIRIRLKGFDHRLIDQSTAEIVETAKRTGAQVRGPIPLPTRKERYTVLISPHVNKDARDQYELRTHKRLVDIVEPTEKTVDALMRLDLAAGVDVQISLG	-		C(513) H(861) N(159) O(153) S(2)	SO_0230	ribosomal protein S10, RpsJ	103	1	103	11	1070.863248	11761.3922	22	0.9993	1.992222E-18	8.566555E-15
4367	-	MLILTRRVGETLMIGDEVTVTVLGVKGNQVRIGVNAPKEVSVHRE	E		C(213) H(370) N(64) O(64) S(2)	SO_3426	carbon storage regulator, CsrA	65	1	45	8	615.3469498	4912.710677	31	1.0	1.217321E-40	5.234482E-37
4368	M	SNAPVDTGRRRFLTAATAVVGGAGAVAVAVPFIKSWNPSAKAKAAGAPVEVNISKVEPGQLIRV	E		C(288) H(475) N(85) O(82) S(0)	SO_0608	ubiquinol-cytochrome c reductase, FeS subunit, PetA	196	2	65	7	920.9460259	6436.561181	27	1.0	2.20499E-25	9.481456E-22
4369	-	MFPEYRDLISTLKTQDAHFQRKFNEHNQLDEEIKQLEKRVGSDFNPAVKELKSKKLHLKEEIYQILKSHS	-		C(377) H(599) N(105) O(112) S(1)	SO_4134	protein of unknown function DUF465	70	1	70	11	767.0462992	8421.412475	39	1.0	1.661406E-25	7.144045E-22
4373	M	SNAPVDTGRRRFLTAATAVVGGAGAVAVAVPFIKSWNPSAKAKAAGAPVEVNISKVEPGQLIRV	E		C(288) H(475) N(85) O(82) S(0)	SO_0608	ubiquinol-cytochrome c reductase, FeS subunit, PetA	196	2	65	8	805.9536822	6436.561181	34	1.0	4.306733E-44	1.851895E-40
4375	-	MRHYEIVFMVHPDQSEQVPGMIERYTGAITEANGKIHRLEDWGRRQLAYPIQDLHKA	H		C(298) H(462) N(88) O(85) S(3)	SO_3930	ribosomal protein S6, RpsF	131	1	57	9	749.1609491	6729.369634	31	1.0	1.524595E-31	6.55576E-28
4378	M	ARQVTYTFKGETKTIAFSYAKHHDLYEAVAEAEGIDLTKFLAMEQQIAMTSRKGAKAEKDYRKVEFARFGFSNIHFVRDEEPEA	-		C(434) H(665) N(117) O(130) S(2)	SO_1372	expressed protein of unknown function	85	2	85	11	879.6311968	9659.84635	47	1.0	1.800434E-27	7.741866E-24
4379	-	MFPEYRDLISTLKTQDAHFQRKFNEHNQLDEEIKQLEKRVGSDFNPAVKELKSKKLHLKEEIYQIL	K		C(359) H(570) N(98) O(106) S(1)	SO_4134	protein of unknown function DUF465	70	1	66	8	999.2832718	7982.194543	36	1.0	1.554045E-23	6.682394E-20
4380	-	MRHYEIVFMVHPDQSEQVPGMIERYTGAITEANGKIHRLEDWGRRQLAYPIQDLHKA	H		C(298) H(462) N(88) O(85) S(3)	SO_3930	ribosomal protein S6, RpsF	131	1	57	7	962.9191412	6729.369634	44	1.0	5.066884E-38	2.17876E-34
4382	M	ARQVTYTFKGETKTIAFSYAKHHDLYEAVAEAEGIDLTKFLAMEQQIAMTSRKGAKAEKDYRKVEFARFGFSNIHFVRDEEPEA	-		C(434) H(665) N(117) O(130) S(2)	SO_1372	expressed protein of unknown function	85	2	85	10	967.4935889	9659.84635	65	1.0	6.746625E-56	2.901049E-52
4385	M	ARQVTYTFKGETKTIAFSYAKHHDLYEAVAEAEGIDLTKFLAMEQQIAMTSRKGAKAEKDYRKVEFARFGFSNIHFVRDEEPEA	-		C(434) H(665) N(117) O(130) S(2)	SO_1372	expressed protein of unknown function	85	2	85	8	1209.115167	9659.84635	80	1.0	3.247365E-93	1.396367E-89
4387	-	MFPEYRDLISTLKTQDAHFQRKFNEHNQLDEEIKQLEKRVGSDFNPAVKELKSKKLHLKEEIYQILKSHS	-		C(377) H(599) N(105) O(112) S(1)	SO_4134	protein of unknown function DUF465	70	1	70	7	1204.782884	8421.412475	74	1.0	5.037108E-54	2.165956E-50
4388	M	ARQVTYTFKGETKTIAFSYAKHHDLYEAVAEAEGIDLTKFLAMEQQIAMTSRKGAKAEKDYRKVEFARFGFSNIHFVRDEEPEA	-		C(434) H(665) N(117) O(130) S(2)	SO_1372	expressed protein of unknown function	85	2	85	13	744.458286	9659.84635	42	1.0	6.807083E-28	2.927046E-24
4390	-	MRHYEIVFMVHPDQSEQVPGMIERYTGAITEANGKIHRLEDWGRRQLAYPIQDLHKA	H		C(298) H(462) N(88) O(85) S(3)	SO_3930	ribosomal protein S6, RpsF	131	1	57	6	1123.237785	6729.369634	43	1.0	4.571013E-35	1.965536E-31
4392	-	MFPEYRDLISTLKTQDAHFQRKFNEHNQLDEEIKQLEKRVGSDFNPAVKELKSKKLHLKEEIYQIL	K		C(359) H(570) N(98) O(106) S(1)	SO_4134	protein of unknown function DUF465	70	1	66	9	888.3637168	7982.194543	20	0.5519	9.416221E-13	4.048975E-09
4394	M	ARQVTYTFKGETKTIAFSYAKHHDLYEAVAEAEGIDLTKFLAMEQQIAMTSRKGAKAEKDYRKVEFARFGFSNIHFVRDEEPEA	-		C(434) H(665) N(117) O(130) S(2)	SO_1372	expressed protein of unknown function	85	2	85	7	1381.702008	9659.84635	77	1.0	3.384296E-64	1.455247E-60
4395	Y	RRYENLDDTDFNTIEADSNYWGLELSYRFGTPAAAAPVAAAVVAAAPVDSDNDGVYDDKDECPATPATHKVDSVGCTLYENVKKQEDVGSIQFANDSAVVKKEYYKDIERLANYMNKNPEFTVEIAGHASNVGKPEYNMVLSDKRADAVAKILVEKYGISQSRVTSNGYGITKPLVAGNSKEAHAANRRIEAIVTTTEKQPVLK	-	Acetyl 0,Oxidation 115	C(978) H(1535) N(269) O(322) S(4)	SO_3545	outer membrane porin	365	162	365	26	860.2816127	22328.08913	14	0.006	13.45156	57841.72
4397	M	ARQVTYTFKGETKTIAFSYAKHHDLYEAVAEAEGIDLTKFLAMEQQIAMTSRKGAKAEKDYRKVEFARFGFSNIHFVRDEEPEA	-		C(434) H(665) N(117) O(130) S(2)	SO_1372	expressed protein of unknown function	85	2	85	14	691.3546425	9659.84635	27	0.9999	6.951832E-16	2.989288E-12
4402	-	MQNQRIRIRLKGFDHRLIDQSTAEIVETAKRTGAQVRGPIPLPTRKERYTVLISPHVNKDARDQYELRTHKRLVDIVEPTEKTVDALMRLDLAAGVDVQISLG	-		C(513) H(861) N(159) O(153) S(2)	SO_0230	ribosomal protein S10, RpsJ	103	1	103	14	841.6083968	11761.3922	13	0.2464	5.959738E-09	2.562687E-05
4407	M	AIGLIGRKVGMTRIFTEDGVSIPVTVIEVAGNRVTQVKTLETDGYRALQVTTGTKKANRITKPEAGHFAKSGVEAGRGLWELRLADGEGEGIEVGAELNVGIFADVAKVDVTGQSKGKGFQGGVKRWNFRTQDMTHGNSLSHRSNGSIGQNQTPGRVFKGKKMSGHMGAERVTTQNLDVVRVDVERNLLLVKGAVPGATNGDLIIKPAVKA	-	Oxidation 134	C(976) H(1609) N(297) O(299) S(4)	SO_0231	ribosomal protein L3, RplC	212	2	212	26	863.1578468	22402.87122	21	0.9979	3.238982E-07	0.001393
4408	M	AIGLIGRKVGMTRIFTEDGVSIPVTVIEVAGNRVTQVKTLETDGYRALQVTTGTKKANRITKPEAGHFAKSGVEAGRGLWELRLADGEGEGIEVGAELNVGIFADVAKVDVTGQSKGKGFQGGVKRWNFRTQDMTHGNSLSHRSNGSIGQNQTPGRVFKGKKMSGHMGAERVTTQNLDVVRVDVERNLLLVKGAVPGATNGDLIIKPAVKA	-	Oxidation 163	C(976) H(1609) N(297) O(299) S(4)	SO_0231	ribosomal protein L3, RplC	212	2	212	27	831.2263442	22402.87122	21	0.9998	3.618953E-07	0.001556
4410	M	AIGLIGRKVGMTRIFTEDGVSIPVTVIEVAGNRVTQVKTLETDGYRALQVTTGTKKANRITKPEAGHFAKSGVEAGRGLWELRLADGEGEGIEVGAELNVGIFADVAKVDVTGQSKGKGFQGGVKRWNFRTQDMTHGNSLSHRSNGSIGQNQTPGRVFKGKKMSGHMGAERVTTQNLDVVRVDVERNLLLVKGAVPGATNGDLIIKPAVKA	-	Oxidation 134	C(976) H(1609) N(297) O(299) S(4)	SO_0231	ribosomal protein L3, RplC	212	2	212	32	701.5046149	22402.87122	24	0.9995	3.09544E-07	0.001331
4412	M	AIGLIGRKVGMTRIFTEDGVSIPVTVIEVAGNRVTQVKTLETDGYRALQVTTGTKKANRITKPEAGHFAKSGVEAGRGLWELRLADGEGEGIEVGAELNVGIFADVAKVDVTGQSKGKGFQGGVKRWNFRTQDMTHGNSLSHRSNGSIGQNQTPGRVFKGKKMSGHMGAERVTTQNLDVVRVDVERNLLLVKGAVPGATNGDLIIKPAVKA	-	Oxidation 134	C(976) H(1609) N(297) O(299) S(4)	SO_0231	ribosomal protein L3, RplC	212	2	212	31	724.1013032	22402.87122	27	1.0	3.637418E-12	1.56409E-08
4413	-	MFPEYRDLISTLKTQDAHFQRKFNEHNQLDEEIKQLEKRVGSDFNPAVKELKSKKLHLKEEIYQILKSHS	-		C(377) H(599) N(105) O(112) S(1)	SO_4134	protein of unknown function DUF465	70	1	70	10	843.6502014	8421.412475	57	1.0	2.569705E-57	1.104973E-53
4414	M	AIGLIGRKVGMTRIFTEDGVSIPVTVIEVAGNRVTQVKTLETDGYRALQVTTGTKKANRITKPEAGHFAKSGVEAGRGLWELRLADGEGEGIEVGAELNVGIFADVAKVDVTGQSKGKGFQGGVKRWNFRTQDMTHGNSLSHRSNGSIGQNQTPGRVFKGKKMSGHMGAERVTTQNLDVVRVDVERNLLLVKGAVPGATNGDLIIKPAVKA	-	Oxidation 134	C(976) H(1609) N(297) O(299) S(4)	SO_0231	ribosomal protein L3, RplC	212	2	212	34	660.2988891	22402.87122	29	1.0	7.350864E-09	3.160871E-05
4417	M	AIGLIGRKVGMTRIFTEDGVSIPVTVIEVAGNRVTQVKTLETDGYRALQVTTGTKKANRITKPEAGHFAKSGVEAGRGLWELRLADGEGEGIEVGAELNVGIFADVAKVDVTGQSKGKGFQGGVKRWNFRTQDMTHGNSLSHRSNGSIGQNQTPGRVFKGKKMSGHMGAERVTTQNLDVVRVDVERNLLLVKGAVPGATNGDLIIKPAVKA	-	Oxidation 134	C(976) H(1609) N(297) O(299) S(4)	SO_0231	ribosomal protein L3, RplC	212	2	212	35	641.4619859	22402.87122	34	1.0	1.44813E-10	6.226961E-07
4418	M	AIGLIGRKVGMTRIFTEDGVSIPVTVIEVAGNRVTQVKTLETDGYRALQVTTGTKKANRITKPEAGHFAKSGVEAGRGLWELRLADGEGEGIEVGAELNVGIFADVAKVDVTGQSKGKGFQGGVKRWNFRTQDMTHGNSLSHRSNGSIGQNQTPGRVFKGKKMSGHMGAERVTTQNLDVVRVDVERNLLLVKGAVPGATNGDLIIKPAVKA	-	Oxidation 167	C(976) H(1609) N(297) O(299) S(4)	SO_0231	ribosomal protein L3, RplC	212	2	212	36	623.6715773	22402.87122	30	0.9999	8.259776E-07	0.003552
4419	M	AIGLIGRKVGMTRIFTEDGVSIPVTVIEVAGNRVTQVKTLETDGYRALQVTTGTKKANRITKPEAGHFAKSGVEAGRGLWELRLADGEGEGIEVGAELNVGIFADVAKVDVTGQSKGKGFQGGVKRWNFRTQDMTHGNSLSHRSNGSIGQNQTPGRVFKGKKMSGHMGAERVTTQNLDVVRVDVERNLLLVKGAVPGATNGDLIIKPAVKA	-	Oxidation 163,Oxidation 167	C(976) H(1609) N(297) O(300) S(4)	SO_0231	ribosomal protein L3, RplC	212	2	212	22	1020.639538	22418.86613	33	1.0	2.687923E-11	1.155807E-07
4423	-	MSLILLLTQQMSLYLVIVYLVSKTPLFKLFAETSPRLPHKIFIYLVFSSFCIMATYFGEQTSGAIANTRAMGAVLGGLLGGPVTGFLVGLTGGLHRYSMGGFTDLACAISTTLEGLSAGMISFYLRRAGKSELIYNPLLVCLVTFYAEIMQMSLILLIACPFDAAWELVRQIAPPMLLVNSIGAALFMSMIRDQKTMFDKLSSSF	S	Oxidation 11,Dehydro 107,Dehydro 160,Oxidation 176	C(1033) H(1634) N(246) O(276) S(16)	SO_2822	sensor histidine kinase with GAF sensory domain	560	1	205	30	748.5651263	22413.69188	9	1.5746E-04	1004.661	4320043
4424	M	AKLHDKYQETVVAELTQKFGYTSVMQVPRIEKITLNMGVGEAVADKKVM	E		C(244) H(402) N(64) O(73) S(3)	SO_0243	ribosomal protein L5, RplE	179	2	50	6	916.9901839	5492.88738	64	1.0	9.99E-308	9.99E-308
4425	M	AIGLIGRKVGMTRIFTEDGVSIPVTVIEVAGNRVTQVKTLETDGYRALQVTTGTKKANRITKPEAGHFAKSGVEAGRGLWELRLADGEGEGIEVGAELNVGIFADVAKVDVTGQSKGKGFQGGVKRWNFRTQDMTHGNSLSHRSNGSIGQNQTPGRVFKGKKMSGHMGAERVTTQNLDVVRVDVERNLLLVKGAVPGATNGDLIIKPAVKA	-	Oxidation 134	C(976) H(1609) N(297) O(299) S(4)	SO_0231	ribosomal protein L3, RplC	212	2	212	27	831.2263442	22402.87122	23	0.9437	3.308812E-05	0.142279
4427	M	AIGLIGRKVGMTRIFTEDGVSIPVTVIEVAGNRVTQVKTLETDGYRALQVTTGTKKANRITKPEAGHFAKSGVEAGRGLWELRLADGEGEGIEVGAELNVGIFADVAKVDVTGQSKGKGFQGGVKRWNFRTQDMTHGNSLSHRSNGSIGQNQTPGRVFKGKKMSGHMGAERVTTQNLDVVRVDVERNLLLVKGAVPGATNGDLIIKPAVKA	-	Oxidation 134	C(976) H(1609) N(297) O(299) S(4)	SO_0231	ribosomal protein L3, RplC	212	2	212	19	1180.792268	22402.87122	47	1.0	3.325867E-31	1.430123E-27
4428	-	MSFKDLRSFIDHLEANGELKRISYPVDPHLEMTEIADRVLRAQGPALLFENPTNHSMPVLANLFGTPKRVAMALGKDDPLALREVGELLAFLKEPEPPRGFKDAISKIPMFKQALNMPPKTVRNPACQQVVKTGDDVDLTQLPIQHCWPGDV	A	Acetyl 0,Oxidation 57	C(761) H(1213) N(207) O(219) S(8)	SO_0506	3-octaprenyl-4-hydroxybenzoate carboxy-lyase, UbiD	488	1	152	19	896.8927767	17011.79096	8	8.3567E-05	3.736335	16066.24
4429	M	AIGLIGRKVGMTRIFTEDGVSIPVTVIEVAGNRVTQVKTLETDGYRALQVTTGTKKANRITKPEAGHFAKSGVEAGRGLWELRLADGEGEGIEVGAELNVGIFADVAKVDVTGQSKGKGFQGGVKRWNFRTQDMTHGNSLSHRSNGSIGQNQTPGRVFKGKKMSGHMGAERVTTQNLDVVRVDVERNLLLVKGAVPGATNGDLIIKPAVKA	-	Oxidation 134	C(976) H(1609) N(297) O(299) S(4)	SO_0231	ribosomal protein L3, RplC	212	2	212	20	1121.803018	22402.87122	39	1.0	8.120109E-18	3.491647E-14
4435	M	AIGLIGRKVGMTRIFTEDGVSIPVTVIEVAGNRVTQVKTLETDGYRALQVTTGTKKANRITKPEAGHFAKSGVEAGRGLWELRLADGEGEGIEVGAELNVGIFADVAKVDVTGQSKGKGFQGGVKRWNFRTQDMTHGNSLSHRSNGSIGQNQTPGRVFKGKKMSGHMGAERVTTQNLDVVRVDVERNLLLVKGAVPGATNGDLIIKPAVKA	-	Oxidation 134	C(976) H(1609) N(297) O(299) S(4)	SO_0231	ribosomal protein L3, RplC	212	2	212	25	897.6438697	22402.87122	26	0.9999	3.870621E-09	1.664367E-05
4437	M	AIGLIGRKVGMTRIFTEDGVSIPVTVIEVAGNRVTQVKTLETDGYRALQVTTGTKKANRITKPEAGHFAKSGVEAGRGLWELRLADGEGEGIEVGAELNVGIFADVAKVDVTGQSKGKGFQGGVKRWNFRTQDMTHGNSLSHRSNGSIGQNQTPGRVFKGKKMSGHMGAERVTTQNLDVVRVDVERNLLLVKGAVPGATNGDLIIKPAVKA	-	Oxidation 134	C(976) H(1609) N(297) O(299) S(4)	SO_0231	ribosomal protein L3, RplC	212	2	212	18	1246.335878	22402.87122	31	1.0	6.832551E-10	2.937997E-06
4443	M	AIGLIGRKVGMTRIFTEDGVSIPVTVIEVAGNRVTQVKTLETDGYRALQVTTGTKKANRITKPEAGHFAKSGVEAGRGLWELRLADGEGEGIEVGAELNVGIFADVAKVDVTGQSKGKGFQGGVKRWNFRTQDMTHGNSLSHRSNGSIGQNQTPGRVFKGKKMSGHMGAERVTTQNLDVVRVDVERNLLLVKGAVPGATNGDLIIKPAVKA	-	Oxidation 134	C(976) H(1609) N(297) O(299) S(4)	SO_0231	ribosomal protein L3, RplC	212	2	212	21	1068.431792	22402.87122	29	1.0	1.013614E-11	4.35854E-08
4445	-	MKTFTATPETVTRDWFVVDADGKTLGRIATEIALRLRGKHKPEYTPHVDTGDYIIVINAEKVTVTGNKAQGKTYYSHSGFPGGIKQISFEKLQAHKPEMIIEKAVKGMLPKGPLGRAMFRKLKVYAGAEHNHAAQQPQVLDI	-		C(709) H(1131) N(197) O(200) S(4)	SO_3940	ribosomal protein L13, RplM	142	1	142	18	875.5826706	15733.3269	17	0.0228	4.418359E-07	0.0019
4452	-	MFPEYRDLISTLKTQDAHFQRKFNEHNQLDEEIKQLEKRVGSDFNPAVKELKSKKLHLKEEIYQILKSHS	-		C(377) H(599) N(105) O(112) S(1)	SO_4134	protein of unknown function DUF465	70	1	70	10	843.6502014	8421.412475	61	1.0	2.101788E-55	9.037689E-52
4453	S	HGGASMKGLAGYVTKAQACIQTGVGCATIGTEITADPKIAATPDVAEATATALTYDDGTCTVTATIGATGGVSYAADTKETTKATKAQCEEGAGL	-	Dehydro 19,Dehydro 26,Dehydro 60,Dehydro 89	C(390) H(634) N(106) O(142) S(5)	SO_0417	type IV pilin protein, PilA	138	44	138	7	1320.927551	9234.425147	67	1.0	1.748167E-66	7.517118E-63
4454	M	TQEQTPLVEIRHLGFRRGQRVIYEDISLSIPRGKVTAIMGPSGIGKTTLLKLIGGQLTPDSGQVLFDGQDVHAASRNELFELRKRM	S		C(420) H(695) N(125) O(124) S(2)	SO_3954	ABC phospholipid transporter, ATPase subunit, MlaF	272	2	87	10	955.3225744	9538.136205	47	1.0	5.906599E-48	2.539838E-44
4457	-	MFPEYRDLISTLKTQDAHFQRKFNEHNQLDEEIKQLEKRVGSDFNPAVKELKSKKLHLKEEIYQILKSHS	-		C(377) H(599) N(105) O(112) S(1)	SO_4134	protein of unknown function DUF465	70	1	70	11	767.0462992	8421.412475	40	1.0	2.037955E-33	8.763209E-30
4458	-	MFPEYRDLISTLKTQDAHFQRKFNEHNQLDEEIKQLEKRVGSDFNPAVKELKSKKLHLKEEIYQILKSHS	-		C(377) H(599) N(105) O(112) S(1)	SO_4134	protein of unknown function DUF465	70	1	70	9	937.2771931	8421.412475	69	1.0	1.27104E-72	5.465471E-69
4459	-	MFPEYRDLISTLKTQDAHFQRKFNEHNQLDEEIKQLEKRVGSDFNPAVKELKSKKLHLKEEIYQILKSHS	-		C(377) H(599) N(105) O(112) S(1)	SO_4134	protein of unknown function DUF465	70	1	70	8	1054.310933	8421.412475	81	1.0	9.126494E-80	3.924392E-76
4460	D	SDNDGVYDDKDECPATPATHKVDSVGCTLYENVKKQEDVGSIQFANDSAVVKKEYYKDIERLANYMNKNPEFTVEIAGHASNVGKPEYNMVLSDKRADAVAKILVEKYGISQSRVTSNGYGITKPLVAGNSKEAHAANRRIEAIVTTTEKQPVLK	-	Dehydro 13,Dehydro 27	C(741) H(1183) N(207) O(244) S(4)	SO_3545	outer membrane porin	365	211	365	17	1002.394002	17013.54079	35	1.0	5.056714E-20	2.174387E-16
4462	-	MFPEYRDLISTLKTQDAHFQRKFNEHNQLDEEIKQLEKRVGSDFNPAVKELKSKKLHLKEEIYQILKSHS	-		C(377) H(599) N(105) O(112) S(1)	SO_4134	protein of unknown function DUF465	70	1	70	12	703.2097139	8421.412475	28	0.9999	4.971728E-20	2.137843E-16
4463	-	MFPEYRDLISTLKTQDAHFQRKFNEHNQLDEEIKQLEKRVGSDFNPAVKELKSKKLHLKEEIYQILKSHS	-		C(377) H(599) N(105) O(112) S(1)	SO_4134	protein of unknown function DUF465	70	1	70	14	602.89508	8421.412475	48	1.0	6.486678E-34	2.789271E-30
4465	A	APVDSDNDGVYDDKDECPATPATHKVDSVGCTLYENVKKQEDVGSIQFANDSAVVKKEYYKDIERLANYMNKNPEFTVEIAGHASNVGKPEYNMVLSDKRADAVAKILVEKYGISQSRVTSNGYGITKPLVAGNSKEAHAANRRIEAIVTTTEKQPVLK	-	Dehydro 17,Dehydro 31	C(758) H(1209) N(211) O(250) S(4)	SO_3545	outer membrane porin	365	207	365	20	871.295255	17395.72602	25	0.9746	2.826882E-07	0.001216
4467	A	AAPVDSDNDGVYDDKDECPATPATHKVDSVGCTLYENVKKQEDVGSIQFANDSAVVKKEYYKDIERLANYMNKNPEFTVEIAGHASNVGKPEYNMVLSDKRADAVAKILVEKYGISQSRVTSNGYGITKPLVAGNSKEAHAANRRIEAIVTTTEKQPVLK	-	Dehydro 18,Dehydro 32	C(761) H(1214) N(212) O(251) S(4)	SO_3545	outer membrane porin	365	206	365	18	971.9404256	17466.76314	28	0.9999	5.512892E-11	2.370543E-07
4468	A	AAPVDSDNDGVYDDKDECPATPATHKVDSVGCTLYENVKKQEDVGSIQFANDSAVVKKEYYKDIERLANYMNKNPEFTVEIAGHASNVGKPEYNMVLSDKRADAVAKILVEKYGISQSRVTSNGYGITKPLVAGNSKEAHAANRRIEAIVTTTEKQPVLK	-	Dehydro 18	C(761) H(1215) N(212) O(251) S(4)	SO_3545	outer membrane porin	365	206	365	17	1029.113424	17467.77096	30	1.0	5.563887E-14	2.392471E-10
4469	A	PVDSDNDGVYDDKDECPATPATHKVDSVGCTLYENVKKQEDVGSIQFANDSAVVKKEYYKDIERLANYMNKNPEFTVEIAGHASNVGKPEYNMVLSDKRADAVAKILVEKYGISQSRVTSNGYGITKPLVAGNSKEAHAANRRIEAIVTTTEKQPVLK	-	Dehydro 16,Dehydro 30	C(755) H(1204) N(210) O(249) S(4)	SO_3545	outer membrane porin	365	208	365	20	867.7433993	17324.68891	19	0.0327	0.00415	17.84708
4470	V	AAAPVDSDNDGVYDDKDECPATPATHKVDSVGCTLYENVKKQEDVGSIQFANDSAVVKKEYYKDIERLANYMNKNPEFTVEIAGHASNVGKPEYNMVLSDKRADAVAKILVEKYGISQSRVTSNGYGITKPLVAGNSKEAHAANRRIEAIVTTTEKQPVLK	-	Dehydro 19,Dehydro 33	C(764) H(1219) N(213) O(252) S(4)	SO_3545	outer membrane porin	365	205	365	17	1033.232794	17537.80025	37	1.0	2.008161E-23	8.635093E-20
4472	F	ALNFSRPGGQIVAQYYLLNRLGKNGYAEICNNLYKSAEIIAKGIESFKDFNIFFAGDSQKGIPALSWTLNNDITEYSLYDLSDRMRMRGWQVSAYSMPPDIQETVVMRVVLRHGFSVDMASAFLEHVRLCLEYFKKHPISIVQTSSEFKQFQHSGR	-	Dehydro 30	C(806) H(1236) N(217) O(230) S(7)	SO_2140	glutamate decarboxylase, GadB	463	308	463	19	941.5341483	17858.97366	10	1.0999E-04	174.1187	748710.4
4473	A	AAVVAAAPVDSDNDGVYDDKDECPATPATHKVDSVGCTLYENVKKQEDVGSIQFANDSAVVKKEYYKDIERLANYMNKNPEFTVEIAGHASNVGKPEYNMVLSDKRADAVAKILVEKYGISQSRVTSNGYGITKPLVAGNSKEAHAANRRIEAIVTTTEKQPVLK	-	Dehydro 23,Dehydro 37	C(780) H(1247) N(217) O(256) S(4)	SO_3545	outer membrane porin	365	201	365	18	994.843288	17878.0113	29	1.0	1.500075E-17	6.450323E-14
4474	V	AAAPVDSDNDGVYDDKDECPATPATHKVDSVGCTLYENVKKQEDVGSIQFANDSAVVKKEYYKDIERLANYMNKNPEFTVEIAGHASNVGKPEYNMVLSDKRADAVAKILVEKYGISQSRVTSNGYGITKPLVAGNSKEAHAANRRIEAIVTTTEKQPVLK	-	Dehydro 19	C(764) H(1220) N(213) O(252) S(4)	SO_3545	outer membrane porin	365	205	365	18	975.9429222	17538.80807	20	0.8243	5.78703E-06	0.024884
4475	V	AAAPVDSDNDGVYDDKDECPATPATHKVDSVGCTLYENVKKQEDVGSIQFANDSAVVKKEYYKDIERLANYMNKNPEFTVEIAGHASNVGKPEYNMVLSDKRADAVAKILVEKYGISQSRVTSNGYGITKPLVAGNSKEAHAANRRIEAIVTTTEKQPVLK	-	Dehydro 19,Dehydro 33	C(764) H(1219) N(213) O(252) S(4)	SO_3545	outer membrane porin	365	205	365	19	924.5774764	17537.80025	16	0.2615	5.840279E-05	0.251132
4477	A	AAVVAAAPVDSDNDGVYDDKDECPATPATHKVDSVGCTLYENVKKQEDVGSIQFANDSAVVKKEYYKDIERLANYMNKNPEFTVEIAGHASNVGKPEYNMVLSDKRADAVAKILVEKYGISQSRVTSNGYGITKPLVAGNSKEAHAANRRIEAIVTTTEKQPVLK	-	Dehydro 23,Dehydro 37	C(780) H(1247) N(217) O(256) S(4)	SO_3545	outer membrane porin	365	201	365	16	1119.072789	17878.0113	40	1.0	2.43087E-23	1.045274E-19
4480	A	AAVVAAAPVDSDNDGVYDDKDECPATPATHKVDSVGCTLYENVKKQEDVGSIQFANDSAVVKKEYYKDIERLANYMNKNPEFTVEIAGHASNVGKPEYNMVLSDKRADAVAKILVEKYGISQSRVTSNGYGITKPLVAGNSKEAHAANRRIEAIVTTTEKQPVLK	-	Dehydro 23,Dehydro 37	C(780) H(1247) N(217) O(256) S(4)	SO_3545	outer membrane porin	365	201	365	15	1193.61049	17878.0113	44	1.0	2.069492E-29	8.898818E-26
4482	V	AAAVVAAAPVDSDNDGVYDDKDECPATPATHKVDSVGCTLYENVKKQEDVGSIQFANDSAVVKKEYYKDIERLANYMNKNPEFTVEIAGHASNVGKPEYNMVLSDKRADAVAKILVEKYGISQSRVTSNGYGITKPLVAGNSKEAHAANRRIEAIVTTTEKQPVLK	-	Dehydro 38	C(783) H(1253) N(218) O(257) S(4)	SO_3545	outer membrane porin	365	200	365	19	946.3279684	17950.05624	11	0.0013	2.092368	8997.184
4484	V	DSDNDGVYDDKDECPATPATHKVDSVGCTLYENVKKQEDVGSIQFANDSAVVKKEYYKDIERLANYMNKNPEFTVEIAGHASNVGKPEYNMVLSDKRADAVAKILVEKYGISQSRVTSNGYGITKPLVAGNSKEAHAANRRIEAIVTTTEKQPVLK	-	Dehydro 14,Dehydro 28	C(745) H(1188) N(208) O(247) S(4)	SO_3545	outer membrane porin	365	210	365	18	953.151792	17128.56773	29	1.0	1.526881E-15	6.565588E-12
4487	-	MLILTRRVGETLMIGDEVTVTVLGVKGNQVRIGVNAPKEVSVHREEIY	Q		C(233) H(397) N(67) O(70) S(2)	SO_3426	carbon storage regulator, CsrA	65	1	48	7	761.1373803	5317.900662	29	1.0	9.480917E-33	4.076794E-29
4488	V	DSDNDGVYDDKDECPATPATHKVDSVGCTLYENVKKQEDVGSIQFANDSAVVKKEYYKDIERLANYMNKNPEFTVEIAGHASNVGKPEYNMVLSDKRADAVAKILVEKYGISQSRVTSNGYGITKPLVAGNSKEAHAANRRIEAIVTTTEKQPVLK	-	Dehydro 14,Dehydro 28	C(745) H(1188) N(208) O(247) S(4)	SO_3545	outer membrane porin	365	210	365	21	817.1311469	17128.56773	12	2.1605E-04	1.609681	6921.627
4490	A	PVDSDNDGVYDDKDECPATPATHKVDSVGCTLYENVKKQEDVGSIQFANDSAVVKKEYYKDIERLANYMNKNPEFTVEIAGHASNVGKPEYNMVLSDKRADAVAKILVEKYGISQSRVTSNGYGITKPLVAGNSKEAHAANRRIEAIVTTTEKQPVLK	-	Dehydro 16,Dehydro 30	C(755) H(1204) N(210) O(249) S(4)	SO_3545	outer membrane porin	365	208	365	20	867.7433993	17324.68891	13	0.0029	0.050847	218.6431
4492	-	MFPEYRDLISTLKTQDAHFQRKFNEHNQLDEEIKQLEKRVGSDFNPAVKELKSKKLHLKEEIYQILKSHS	-		C(377) H(599) N(105) O(112) S(1)	SO_4134	protein of unknown function DUF465	70	1	70	13	649.1941418	8421.412475	42	1.0	4.545948E-32	1.954758E-28
4493	A	AESVDKQMSIGTDTLLQIKVQRGEVQIQSWDKNEVSVTGTLDELSEGFVFEQKGNNLNIEDKMPRHYNGSDNNGSKLTIKVPKTVKLSADTVSANLQMSQTQGELELNTVSGNITADNLGGSPTLHTVSGNIITKGLTGKVMLDTVSGEIKDADSKGEIKYRLVSGDLNSQTLADKVKVEQVSGEVKGDFKTAKEVNVRTVSGDTQVSLAKTFDKANLESVSGDMMVSFTDTPDASFELNGGPSGKIKNGLSQDMPQKQKYVQNESLSFQTGSGSASVKMDTISGNLILKKQ	-		C(1343) H(2204) N(374) O(465) S(8)	SO_3842	secreted low complexity protein	318	27	318	30	1043.902999	31267.80792	40	1.0	5.657772E-15	2.432842E-11
4494	A	AESVDKQMSIGTDTLLQIKVQRGEVQIQSWDKNEVSVTGTLDELSEGFVFEQKGNNLNIEDKMPRHYNGSDNNGSKLTIKVPKTVKLSADTVSANLQMSQTQGELELNTVSGNITADNLGGSPTLHTVSGNIITKGLTGKVMLDTVSGEIKDADSKGEIKYRLVSGDLNSQTLADKVKVEQVSGEVKGDFKTAKEVNVRTVSGDTQVSLAKTFDKANLESVSGDMMVSFTDTPDASFELNGGPSGKIKNGLSQDMPQKQKYVQNESLSFQTGSGSASVKMDTISGNLILKKQ	-		C(1343) H(2204) N(374) O(465) S(8)	SO_3842	secreted low complexity protein	318	27	318	25	1252.482143	31267.80792	79	1.0	6.063091E-51	2.607129E-47
4495	A	AESVDKQMSIGTDTLLQIKVQRGEVQIQSWDKNEVSVTGTLDELSEGFVFEQKGNNLNIEDKMPRHYNGSDNNGSKLTIKVPKTVKLSADTVSANLQMSQTQGELELNTVSGNITADNLGGSPTLHTVSGNIITKGLTGKVMLDTVSGEIKDADSKGEIKYRLVSGDLNSQTLADKVKVEQVSGEVKGDFKTAKEVNVRTVSGDTQVSLAKTFDKANLESVSGDMMVSFTDTPDASFELNGGPSGKIKNGLSQDMPQKQKYVQNESLSFQTGSGSASVKMDTISGNLILKKQ	-		C(1343) H(2204) N(374) O(465) S(8)	SO_3842	secreted low complexity protein	318	27	318	29	1079.86492	31267.80792	40	1.0	2.066802E-16	8.887247E-13
4500	-	MLILTRRVGETLMIGDEVTVTVLGVKGNQVRIGVNAPKEVSVHREEIY	Q		C(233) H(397) N(67) O(70) S(2)	SO_3426	carbon storage regulator, CsrA	65	1	48	5	1065.189422	5317.900662	60	1.0	9.99E-308	9.99E-308
4502	-	MKASELREKSVEELNAELLGLLREQFNLRMQHATGQLTQTHQLKLVRRNIA	R		C(256) H(435) N(81) O(77) S(2)	SO_0239	ribosomal protein L29, RpmC	63	1	51	6	991.5431959	5940.205452	39	1.0	1.728046E-37	7.430597E-34
4505	A	SSRLEVKKQLDSSKIDNAMLKFEQYERRVEGLEAQVESYDLGSKKTLADEFAALEAEDSVNAELEALKAKVKGKAPTKSKE	-		C(392) H(647) N(107) O(133) S(1)	SO_1807	phage shock protein A, PspA	227	147	227	11	820.8894771	9013.687432	32	1.0	2.167163E-38	9.3188E-35
4507	M	SNAPVDTGRRRFLTAATAVVGGAGAVAVAVPFIKSWNPSAKAKAAGAPVEVNISKVEPGQLI	R		C(277) H(454) N(80) O(80) S(0)	SO_0608	ubiquinol-cytochrome c reductase, FeS subunit, PetA	196	2	63	6	1031.740897	6181.391656	27	1.0	1.514829E-25	6.513763E-22
4509	M	SNAPVDTGRRRFLTAATAVVGGAGAVAVAVPFIKSWNPSAKAKAAGAPVEVNISKVEPGQLI	R		C(277) H(454) N(80) O(80) S(0)	SO_0608	ubiquinol-cytochrome c reductase, FeS subunit, PetA	196	2	63	7	884.4932366	6181.391656	16	0.3224	3.722207E-13	1.600549E-09
4510	-	MEIIRGAPALSTFRVQKLMEACVSAALPVRQIYAEYVHLADLSELLKPTEREQLEKILTYGPAIEAHTPQGSLLFVTPRPGTISPWSSKATDIAHNCGLGKVKRLERGIAYYVESDTLTAEQQRTLQGLLHDRMVEVVLND	F	Acetyl 0,Oxidation 19	C(699) H(1130) N(192) O(210) S(5)	SO_3287	phosphoribosylformylglycinamidine synthase, PurL	1293	1	141	16	984.9607213	15734.22492	11	0.0015	8.539532E-04	3.671999
4513	M	AIDISKFNAGTAAQVRSNSTKQSSESEQSSQVAAKSTQQKGDSFVITAQAQQLQGAHTKMASLPEVDQKKVAEIKQAIAEGRYKIDPEKLAANIANFEAELNELN	-		C(483) H(791) N(141) O(167) S(1)	SO_3254	anti-sigma 28 factor, FlgM	106	2	106	12	940.7377748	11270.74585	15	0.492	8.905319E-08	3.829287E-04
4514	M	AIDISKFNAGTAAQVRSNSTKQSSESEQSSQVAAKSTQQKGDSFVITAQAQQLQGAHTKMASLPEVDQKKVAEIKQAIAEGRYKIDPEKLAANIANFEAELNELN	-		C(483) H(791) N(141) O(167) S(1)	SO_3254	anti-sigma 28 factor, FlgM	106	2	106	11	1026.16782	11270.74585	57	1.0	1.660064E-45	7.138274E-42
4517	M	AIDISKFNAGTAAQVRSNSTKQSSESEQSSQVAAKSTQQKGDSFVITAQAQQLQGAHTKMASLPEVDQKKVAEIKQAIAEGRYKIDPEKLAANIANFEAELNELN	-		C(483) H(791) N(141) O(167) S(1)	SO_3254	anti-sigma 28 factor, FlgM	106	2	106	10	1128.683874	11270.74585	56	1.0	6.796243E-44	2.922384E-40
4518	M	VDLRLLRFFIAIYEENNITAAATRCYVSQPSLSAGLKQLEEELGGPLFERSKKGVKALDSAHYLYPLAVKLVEEASKLPALFMAKASRQKLRLAVMPDLSQRRLA	G	Dehydro 25,Oxidation 83,Oxidation 96	C(530) H(866) N(145) O(150) S(3)	SO_4140	transcriptional regulator, LysR family	279	2	106	13	906.0379765	11758.37562	13	2.8379E-04	0.004734	20.35763
4519	M	AIDISKFNAGTAAQVRSNSTKQSSESEQSSQVAAKSTQQKGDSFVITAQAQQLQGAHTKMASLPEVDQKKVAEIKQAIAEGRYKIDPEKLAANIANFEAELNELN	-		C(483) H(791) N(141) O(167) S(1)	SO_3254	anti-sigma 28 factor, FlgM	106	2	106	8	1410.603024	11270.74585	82	1.0	2.406197E-48	1.034665E-44
4520	-	MKTFTATPETVTRDWFVVDADGKTLGRIATEIALRLRGKHKPEYTPHVDTGDYIIVINAEKVTVTGNKAQGKTYYSHSGFPGGIKQI	S		C(432) H(682) N(118) O(128) S(1)	SO_3940	ribosomal protein L13, RplM	142	1	87	13	740.0870706	9603.020549	20	0.9877	4.558534E-14	1.96017E-10
4522	M	AIDISKFNAGTAAQVRSNSTKQSSESEQSSQVAAKSTQQKGDSFVITAQAQQLQGAHTKMASLPEVDQKKVAEIKQAIAEGRYKIDPEKLAANIANFEAELNELN	-		C(483) H(791) N(141) O(167) S(1)	SO_3254	anti-sigma 28 factor, FlgM	106	2	106	9	1253.981274	11270.74585	60	1.0	9.233852E-50	3.970557E-46
4524	I	IGLCCVLITASFASPAPNIQLATEYSLDNHSNNDAQISTFFVSEKLDGVRGYWDGQRLFTRQGNPILAPSWFTAEFPAIAMDGELWLGRGQFEAISGLIRQASPKDADWQNVRFMVFDLPTTKGSFEERYHKMQALIAGKSVYLQVIEQFSVASVEALYQTLDTLVALGAEGLILHRRTAIYTPGRNPNVMKLKPYLDAEATVIGYIAGKGQFSGKMGALRVQTPDGRIFNIGTGFNLAERQHPPAIGTLITYKYLGLTVNGLPRFASYLRIRTDIDPKNKE	-	Acetyl 0,Dehydro 4	C(1416) H(2201) N(380) O(406) S(7)	SO_2204	DNA ligase, ATP-dependent	311	30	311	41	763.6461691	31249.13086	6	2.7228E-04	3919831	16855271401
4527	-	MDKKTSRLRRAIRARKKIQELGVNRLVVHRTPRHIYAQVINPEAQVVAAASTVEKAVKEQLKSTGNVDAAKAVGKFVAERAIEKGVTNVAFDRSGFKYHGRVAALADAAREAGLQF	-		C(559) H(932) N(178) O(159) S(1)	SO_0247	ribosomal protein L18, RplR	116	1	116	13	979.6247446	12715.0036	32	1.0	5.863548E-27	2.521325E-23
4528	A	LSDLKTLSKPAIAGCLVSGLLLGPIYGLLPIYVSQDMGFAQQTGQFMALIILGGMIVQPLVSYLSPRIQKSVLMIAFCLVGAAALLLLMQTSLVGLWLGFVLLGACAFALYPIAISLACDHLPSSQIVSATQIMLLSYSVGSVIGPVAASRFDDIEHGLPLYLAASFLMTACYLSAHLLARSKARLPTAKA	-	Acetyl 0,Dehydro 15,Oxidation 37,Oxidation 47	C(930) H(1501) N(224) O(248) S(12)	SO_0450	transport protein, MFS superfamily	387	197	387	19	1062.68506	20159.83763	9	3.4251E-04	163.303	702202.8
4530	L	TFSPKKAAVLVKKVLDSAIANAEHNEGADIDELKVGAVFVDEGPTMKRIMPRAKGRADRIMKRTSHITVVVSDR	-		C(352) H(594) N(106) O(105) S(3)	SO_0236	ribosomal protein L22, RplV	110	37	110	11	736.131784	8082.356163	38	1.0	4.792924E-34	2.060957E-30
4532	M	SYTITAQTRTEIGKGSSRRLRHAGKVPAVIYGAGKEPVSIVFDHKDIINAQANDDFYTSVVTIVLDGKEVGVRAQAMQRHAFKPIIEHVDFVYA	-	Oxidation 77	C(464) H(736) N(132) O(137) S(1)	SO_2112	ribosomal protein L25, RplY	95	2	95	10	1039.753326	10381.44037	35	1.0	3.251507E-23	1.398148E-19
4533	M	SYTITAQTRTEIGKGSSRRLRHAGKVPAVIYGAGKEPVSIVFDHKDIINAQANDDFYTSVVTIVLDGKEVGVRAQAMQRHAFKPIIEHVDFVYA	-	Oxidation 77	C(464) H(736) N(132) O(137) S(1)	SO_2112	ribosomal protein L25, RplY	95	2	95	8	1299.439839	10381.44037	76	1.0	2.6452E-64	1.137436E-60
4534	-	MNIRPLHDRVIVKRLEVESTSAGGIVLTGSAAEKSTRGEVLAVGNGRILENGTVRPLDVKVGDVVIFNEGYGVKKEKIDGQEVLILSEADLMAIVG	-	Oxidation 92	C(447) H(755) N(127) O(141) S(2)	SO_0703	chaperonin, GroES	96	1	96	10	1023.86183	10222.5254	37	1.0	1.247713E-36	5.365166E-33
4535	L	TFSPKKAAVLVKKVLDSAIANAEHNEGADIDELKVGAVFVDEGPTMKRIMPRAKGRADRIMKRTSHITVVVSDR	-		C(352) H(594) N(106) O(105) S(3)	SO_0236	ribosomal protein L22, RplV	110	37	110	8	1011.803474	8082.356163	16	0.0638	3.960365E-11	1.702957E-07
4537	-	MNIRPLHDRVIVKRLEVESTSAGGIVLTGSAAEKSTRGEVLAVGNGRILENGTVRPLDVKVGDVVIFNEGYGVKKEKIDGQEVLILSEADLMAIVG	-	Oxidation 92	C(447) H(755) N(127) O(141) S(2)	SO_0703	chaperonin, GroES	96	1	96	9	1137.512336	10222.5254	33	1.0	1.416616E-29	6.091447E-26
4538	-	MNIRPLHDRVIVKRLEVESTSAGGIVLTGSAAEKSTRGEVLAVGNGRILENGTVRPLDVKVGDVVIFNEGYGVKKEKIDGQEVLILSEADLMAIVG	-	Oxidation 92	C(447) H(755) N(127) O(141) S(2)	SO_0703	chaperonin, GroES	96	1	96	8	1279.575468	10222.5254	49	1.0	1.4616E-37	6.284879E-34
4539	L	QLTKFRDAGRHNDLNGMMQDVAKKLNDSDIDALSKYLASLK	-		C(198) H(327) N(59) O(64) S(2)	SO_4666	diheme cytochrome c4, CytcB	207	167	207	6	771.2348665	4619.35883	29	1.0	7.792972E-29	3.350978E-25
4540	M	SYTITAQTRTEIGKGSSRRLRHAGKVPAVIYGAGKEPVSIVFDHKDIINAQANDDFYTSVVTIVLDGKEVGVRAQAMQRHAFKPIIEHVDFVYA	-	Oxidation 77	C(464) H(736) N(132) O(137) S(1)	SO_2112	ribosomal protein L25, RplY	95	2	95	9	1155.169554	10381.44037	64	1.0	8.247727E-53	3.546522E-49
4542	M	TTHNHMTKTALVIIDVQNDYFVDGAYPQWQVNEMLERTLHCAQQAQQQGMPIILVQHIADTTQGV	A	Oxidation 34,Oxidation 50	C(323) H(505) N(91) O(102) S(4)	SO_4590	isochorismatase family protein	177	2	66	7	1061.380758	7418.600952	8	5.857E-04	2.227647E-06	0.009579
4543	-	MNTKKESALSFPSAGIESFGERLKELMGDESLRAFANAIDTSEGGVRKWFTQSTMPSFDKMVRIAR	R	Oxidation 27,Oxidation 55,Oxidation 61	C(321) H(512) N(90) O(103) S(4)	SO_0641	prophage MuSo1 transcriptional regulator, Cro	240	1	66	6	1235.617441	7403.647568	11	3.4449E-04	4.297903E-06	0.018481
4544	K	FGHCKDVFKRPPSQWQSRLLTLFAWLLLVISLSTCAHGQGWTYGSILFMGIISLAAMLVILTLSYSPRHLPVGIVTSCVLTGTLFLSGGIQ	-	Acetyl 0	C(465) H(729) N(115) O(118) S(5)	SO_3408	conserved hypothetical inner membrane protein	117	27	117	11	908.1289464	9972.31824	9	9.5616E-05	0.003039	13.06742
4545	-	MFPEYRDLISTLKTQDAHFQRKFNEHNQLDEEIKQLEKRVGSDFNPAVKELKSKKLHLKEEIYQILKSHS	-		C(377) H(599) N(105) O(112) S(1)	SO_4134	protein of unknown function DUF465	70	1	70	11	767.0462992	8421.412475	37	1.0	1.187169E-21	5.104825E-18
4547	-	MLNTKLLPLAMSAFFISTFSYGQSLSEFHIDKGNNCQTCHTKPIKVDDAENHENKSCESCHGTMGELAAKSKSKLSPHHSHLIDVSCTSCHSGHKQPVFVCQTCHDSFKNEFKIPFSNDKP	V	Dehydro 36,Dehydro 60,Dehydro 101	C(583) H(897) N(164) O(181) S(11)	SO_1421	periplasmic tetraheme flavocytochrome, IfcA	589	1	121	14	961.8160163	13443.29552	14	8.6833E-04	0.004575	19.67198
4548	L	QLTKFRDAGRHNDLNGMMQDVAKKLNDSDIDALSKYLASLK	-		C(198) H(327) N(59) O(64) S(2)	SO_4666	diheme cytochrome c4, CytcB	207	167	207	5	925.2803845	4619.35883	37	1.0	1.75889E-37	7.563229E-34
4549	-	MNIRPLHDRVIVKRLEVESTSAGGIVLTGSAAEKSTRGEVLAVGNGRILENGTVRPLDVKVGDVVIFNEGYGVKKEKIDGQEVLILSEADLMAIVG	-	Oxidation 92	C(447) H(755) N(127) O(141) S(2)	SO_0703	chaperonin, GroES	96	1	96	7	1462.228067	10222.5254	36	0.9565	2.250774E-14	9.678329E-11
4550	T	AANFNPMMATAGKITVVEAEFIVEPGELDPDHIHTPGIYVDRVIQGKFEKRIEQRTVKAAK	-		C(303) H(485) N(83) O(89) S(2)	SO_1892	acetyl-CoA:acetoacetate-CoA transferase, beta subunit, AtoD	234	174	234	7	969.3723117	6774.541827	30	1.0	7.055265E-40	3.033764E-36
4552	-	MNIRPLHDRVIVKRLEVESTSAGGIVLTGSAAEKSTRGEVLAVGNGRILENGTVRPLDVKVGDVVIFNEGYGVKKEKIDGQEVLILSEADLMAIVG	-	Oxidation 92	C(447) H(755) N(127) O(141) S(2)	SO_0703	chaperonin, GroES	96	1	96	12	853.3860709	10222.5254	19	0.9999	7.874504E-16	3.386037E-12
4555	T	AANFNPMMATAGKITVVEAEFIVEPGELDPDHIHTPGIYVDRVIQGKFEKRIEQRTVKAAK	-		C(303) H(485) N(83) O(89) S(2)	SO_1892	acetyl-CoA:acetoacetate-CoA transferase, beta subunit, AtoD	234	174	234	9	754.1800817	6774.541827	16	0.9988	1.926531E-16	8.284083E-13
4558	A	SSPPKTDAETIYIGGNIVTVTDSAPTAEALAVKNGRILALGKTSDLLKLKGSNTQVVNLNGKTLIPGFIDGHGHVFNTGIQAL	S		C(379) H(624) N(104) O(119) S(0)	SO_A0100	periplasmic metal-dependent aminohydrolase family protein	604	20	102	7	1221.237867	8536.597359	41	1.0	1.313401E-37	5.647626E-34
4560	M	SQVTGVVKWFNSDKGFGFIEQESGPDVFVHFRAINSDGFKTLDEGQKVSFTVTQGQKGPQAENVTVIG	-		C(332) H(504) N(88) O(104) S(0)	SO_2787	cold shock protein, CspA	69	2	69	7	1056.964258	7387.685451	21	1.0	1.349295E-29	5.801968E-26
4562	M	SQVTGVVKWFNSDKGFGFIEQESGPDVFVHFRAINSDGFKTLDEGQKVSFTVTQGQKGPQAENVTVIG	-		C(332) H(504) N(88) O(104) S(0)	SO_2787	cold shock protein, CspA	69	2	69	6	1232.957088	7387.685451	45	1.0	3.221945E-36	1.385436E-32
4563	M	SQVTGVVKWFNSDKGFGFIEQESGPDVFVHFRAINSDGFKTLDEGQKVSFTVTQGQKGPQAENVTVIG	-		C(332) H(504) N(88) O(104) S(0)	SO_2787	cold shock protein, CspA	69	2	69	5	1479.347051	7387.685451	70	1.0	2.076461E-38	8.928781E-35
4567	M	SQVTGVVKWFNSDKGFGFIEQESGPDVFVHFRAINSDGFKTLDEGQKVSFTVTQGQKGPQAENVTVIG	-		C(332) H(504) N(88) O(104) S(0)	SO_2787	cold shock protein, CspA	69	2	69	4	1848.931994	7387.685451	37	0.9999	3.272939E-22	1.407364E-18
4588	-	MQVSVEATQGLERRLTISVPAEQIEKLVKDSLQREAK	R		C(179) H(311) N(53) O(59) S(1)	SO_1793	trigger factor, peptidyl-prolyl cis-trans isomerase, Tig	434	1	37	6	697.8864851	4179.268542	21	0.9919	1.274339E-16	5.47966E-13
4595	-	MQVSVEATQGLERRLTISVPAEQIEKLVKDSLQREAK	R		C(179) H(311) N(53) O(59) S(1)	SO_1793	trigger factor, peptidyl-prolyl cis-trans isomerase, Tig	434	1	37	4	1046.326089	4179.268542	24	0.9994	1.958695E-21	8.42239E-18
4597	A	AESPSFDCGKVQAGSIEEMVCRDAGLIKLDRQLADVYAKATEKAKNEQPPVLKAMQRGWVKGRNECWKSEDKRTCVESSYQTRIAQLQAQYRLVEMTGPVFYTCDGNPANEVVVSYFKTEPATLIAERGDQTSLMFIQRSASGAKYQGQNESLWEHHGEARIVWGYETPEMTCKVKTPK	-	Dehydro 66,Dehydro 75,Dehydro 104,Dehydro 173	C(879) H(1380) N(248) O(274) S(11)	SO_0112	periplasmic protein of unknown function DUF2091	207	29	207	18	1120.89064	20145.86029	13	0.002	2.65215	11404.25
