Scan	Pre	Sequence	Post	Modifications	Composition	ProteinName	ProteinDesc	ProteinLength	Start	End	Charge	MostAbundantIsotopeMz	Mass	Ms1Features	#MatchedFragments	Probability	SpecEValue	EValue	QValue	PepQValue
235	S	QSRVTSNGYGITKPLVAGNSKEAHAANRRIEAIVTTTEKQPVLK	-		C(204) H(346) N(64) O(65) S(0)	SO_3545	outer membrane porin	366	322	365	6	790.1040029	4732.573649	251	52	1.0	1.190159E-23	5.123634E-20	0	0
244	M	AKAKFERSKPHVNVGTIGHVDHGKTTLTAAISHVL	A	Acetyl 0	C(167) H(273) N(51) O(48) S(0)	SO_0217	translation elongation factor Tu, TufB	395	2	36	5	753.6184006	3761.048911	143	45	1.0	5.298159E-21	2.280857E-17	0	0
2	V	TDEMIGHKLGEFSPTRTYRGHAADKKAKKR	-		C(148) H(242) N(48) O(44) S(1)	SO_0235	ribosomal protein S19, RpsS	93	63	92	6	572.4727564	3427.789525	1	21	1.0	1.396504E-20	6.01195E-17	0	0
439	-	MNKSELIEKIASGADISKAAAGRALDSFIAAVTEGLKEGDKISLVGFGTFEVRERAERTGRNPQTGEEIKIAAAKIPAFKAGKALKDAVN	-		C(414) H(689) N(119) O(130) S(1)	SO_1797	histone-like DNA-binding protein, HupB	91	1	90	9	1050.461166	9440.068228	831	57	1.0	1.430101E-20	6.156584E-17	0	0
167	V	TDEMIGHKLGEFSPTRTYRGHAADKKAKKR	-		C(148) H(242) N(48) O(44) S(1)	SO_0235	ribosomal protein S19, RpsS	93	63	92	6	572.4727564	3427.789525	110	23	1.0	5.886523E-20	2.534148E-16	0	0
183	V	TDEMIGHKLGEFSPTRTYRGHAADKKAKKR	-		C(148) H(242) N(48) O(44) S(1)	SO_0235	ribosomal protein S19, RpsS	93	63	92	6	572.4727564	3427.789525	110	27	1.0	9.03159E-20	3.888099E-16	0	0
212	V	TDEMIGHKLGEFSPTRTYRGHAADKKAKKR	-		C(148) H(242) N(48) O(44) S(1)	SO_0235	ribosomal protein S19, RpsS	93	63	92	5	686.7658524	3427.789525	110	27	1.0	3.17054E-19	1.364917E-15	0	0
219	V	TDEMIGHKLGEFSPTRTYRGHAADKKAKKR	-		C(148) H(242) N(48) O(44) S(1)	SO_0235	ribosomal protein S19, RpsS	93	63	92	5	686.7658524	3427.789525	110	32	1.0	1.942143E-18	8.360925E-15	0	0
112	M	ATKTVKVTQTKSGIGRLPKHRATLT	G		C(117) H(210) N(38) O(34) S(0)	SO_0249	ribosomal protein L30, RpmD	61	2	26	4	674.1549069	2691.587167	0	26	1.0	2.709917E-18	1.166619E-14	0	0
193	V	TDEMIGHKLGEFSPTRTYRGHAADKKAKKR	-		C(148) H(242) N(48) O(44) S(1)	SO_0235	ribosomal protein S19, RpsS	93	63	92	5	686.7658524	3427.789525	110	23	1.0	3.675304E-18	1.582218E-14	0	0
227	V	TDEMIGHKLGEFSPTRTYRGHAADKKAKKR	-		C(148) H(242) N(48) O(44) S(1)	SO_0235	ribosomal protein S19, RpsS	93	63	92	5	686.7658524	3427.789525	110	30	1.0	4.976592E-18	2.142423E-14	0	0
199	V	TDEMIGHKLGEFSPTRTYRGHAADKKAKKR	-		C(148) H(242) N(48) O(44) S(1)	SO_0235	ribosomal protein S19, RpsS	93	63	92	6	572.4727564	3427.789525	110	27	1.0	6.322234E-18	2.721722E-14	0	0
175	V	TDEMIGHKLGEFSPTRTYRGHAADKKAKKR	-		C(148) H(242) N(48) O(44) S(1)	SO_0235	ribosomal protein S19, RpsS	93	63	92	6	572.4727564	3427.789525	110	25	1.0	9.179506E-18	3.951777E-14	0	0
179	L	VAGNSKEAHAANRRIEAIVTTTEKQPVLK	-		C(134) H(231) N(43) O(43) S(0)	SO_3545	outer membrane porin	366	337	365	5	627.3521663	3130.721094	77	38	1.0	1.309029E-17	5.635369E-14	0	0
207	V	TDEMIGHKLGEFSPTRTYRGHAADKKAKKR	-		C(148) H(242) N(48) O(44) S(1)	SO_0235	ribosomal protein S19, RpsS	93	63	92	6	572.4727564	3427.789525	110	27	1.0	1.967148E-17	8.468572E-14	0	0
191	V	TDEMIGHKLGEFSPTRTYRGHAADKKAKKR	-		C(148) H(242) N(48) O(44) S(1)	SO_0235	ribosomal protein S19, RpsS	93	63	92	6	572.4727564	3427.789525	110	28	1.0	4.754608E-17	2.046859E-13	0	0
173	V	TDEMIGHKLGEFSPTRTYRGHAADKKAKKR	-		C(148) H(242) N(48) O(44) S(1)	SO_0235	ribosomal protein S19, RpsS	93	63	92	5	686.7658524	3427.789525	110	26	0.999	5.679565E-17	2.445053E-13	0	0
204	V	TDEMIGHKLGEFSPTRTYRGHAADKKAKKR	-		C(148) H(242) N(48) O(44) S(1)	SO_0235	ribosomal protein S19, RpsS	93	63	92	5	686.7658524	3427.789525	110	28	1.0	7.129209E-17	3.069124E-13	0	0
162	V	TDEMIGHKLGEFSPTRTYRGHAADKKAKKR	-		C(148) H(242) N(48) O(44) S(1)	SO_0235	ribosomal protein S19, RpsS	93	63	92	6	572.4727564	3427.789525	110	25	1.0	2.035931E-16	8.764684E-13	0	0
136	M	AKAKFERSKPHVNVGTIGHVDHGKTTLTA	A	Acetyl 0	C(138) H(225) N(43) O(41) S(0)	SO_0217	translation elongation factor Tu, TufB	395	2	30	5	629.3448104	3140.684315	80	36	1.0	2.542655E-16	1.094613E-12	0	0
200	V	TDEMIGHKLGEFSPTRTYRGHAADKKAKKR	-	Oxidation 4	C(148) H(242) N(48) O(45) S(1)	SO_0235	ribosomal protein S19, RpsS	93	63	92	6	575.1385755	3443.78444	113	28	1.0	2.898711E-16	1.247895E-12	0	0
153	V	TDEMIGHKLGEFSPTRTYRGHAADKKAKKR	-		C(148) H(242) N(48) O(44) S(1)	SO_0235	ribosomal protein S19, RpsS	93	63	92	6	572.4727564	3427.789525	110	22	1.0	4.59124E-16	1.976529E-12	0	0
159	V	TDEMIGHKLGEFSPTRTYRGHAADKKAKKR	-		C(148) H(242) N(48) O(44) S(1)	SO_0235	ribosomal protein S19, RpsS	93	63	92	5	686.7658524	3427.789525	110	19	0.9846	1.828771E-15	7.872858E-12	0	0
253	M	AAKIRRQDEVIVLAGKDKGKRAKVAQVLPTGKLI	V		C(163) H(293) N(51) O(44) S(0)	SO_0242	ribosomal protein L24, RplX	105	2	35	6	612.8793536	3669.225753	134	21	0.9996	2.02917E-15	8.735577E-12	0	0
172	V	TDEMIGHKLGEFSPTRTYRGHAADKKAKKR	-	Oxidation 4	C(148) H(242) N(48) O(45) S(1)	SO_0235	ribosomal protein S19, RpsS	93	63	92	6	575.1385755	3443.78444	113	22	1.0	4.349393E-15	1.872414E-11	0	0
232	F	EVRERAERTGRNPQTGEEIKIAAAKIPAFKAGKALKDAVN	-		C(187) H(318) N(60) O(58) S(0)	SO_1797	histone-like DNA-binding protein, HupB	91	51	90	6	723.404703	4332.37785	201	44	1.0	7.554996E-15	3.252426E-11	0	0
130	M	AKAKFERSKPHVNVGTIGHVDHGKTTLT	A	Acetyl 0	C(135) H(220) N(42) O(40) S(0)	SO_0217	translation elongation factor Tu, TufB	395	2	29	5	615.1373876	3069.647201	67	39	1.0	8.776237E-15	3.77817E-11	0	0
217	V	TDEMIGHKLGEFSPTRTYRGHAADKKAKKR	-	Oxidation 4	C(148) H(242) N(48) O(45) S(1)	SO_0235	ribosomal protein S19, RpsS	93	63	92	6	575.1385755	3443.78444	113	20	0.9998	3.79296E-14	1.632869E-10	0	0
241	M	AAKIRRQDEVIVLAGKDKGKRAKVAQVLPTGKLI	V		C(163) H(293) N(51) O(44) S(0)	SO_0242	ribosomal protein L24, RplX	105	2	35	6	612.8793536	3669.225753	134	20	0.9991	4.193669E-14	1.805375E-10	0	0
147	V	TDEMIGHKLGEFSPTRTYRGHAADKKAKKR	-		C(148) H(242) N(48) O(44) S(1)	SO_0235	ribosomal protein S19, RpsS	93	63	92	6	572.4727564	3427.789525	110	19	0.9997	4.73724E-14	2.039382E-10	0	0
135	M	AKAKFERSKPHVNVGTIGHVDHGKTTLT	A	Acetyl 0	C(135) H(220) N(42) O(40) S(0)	SO_0217	translation elongation factor Tu, TufB	395	2	29	5	615.1373876	3069.647201	67	28	0.9997	9.388207E-14	4.041623E-10	0	0
176	V	TDEMIGHKLGEFSPTRTYRGHAADKKAKKR	-	Oxidation 4	C(148) H(242) N(48) O(45) S(1)	SO_0235	ribosomal protein S19, RpsS	93	63	92	6	575.1385755	3443.78444	113	24	0.9996	9.981601E-14	4.297079E-10	0	0
157	A	HAANRRIEAIVTTTEKQPVLK	-		C(103) H(179) N(33) O(31) S(0)	SO_3545	outer membrane porin	366	345	365	4	594.8442344	2374.344477	0	26	1.0	1.187204E-13	5.110912E-10	0	0
209	V	TDEMIGHKLGEFSPTRTYRGHAADKKAKKR	-	Oxidation 4	C(148) H(242) N(48) O(45) S(1)	SO_0235	ribosomal protein S19, RpsS	93	63	92	5	689.9648354	3443.78444	113	22	0.575	2.520972E-13	1.085278E-09	0	0
249	M	AKAKFERSKPHVNVGTIGHVDHGKTTLTAAISHVL	A	Acetyl 0	C(167) H(273) N(51) O(48) S(0)	SO_0217	translation elongation factor Tu, TufB	395	2	36	6	628.1832132	3761.048911	143	26	0.9999	3.071515E-13	1.322287E-09	0	0
387	L	KDTIRGFKGILSGEFDHIPEQAFYMVGSIDEAVEKANKKK	-		C(202) H(319) N(53) O(61) S(1)	SO_4747	ATP synthase F1, beta subunit, AtpD	464	424	463	7	643.4826595	4495.320971	211	26	1.0	7.449126E-13	3.206849E-09	0	0
480	-	MNKSELIEKIASGADISKAAAGRALDSFIAAVTEGLKEGDKISLVGFGTFEVRERAERTGRNPQTGEEIKIAAAKIPAFKAGKALKDAVN	-		C(414) H(689) N(119) O(130) S(1)	SO_1797	histone-like DNA-binding protein, HupB	91	1	90	12	788.0976933	9440.068228	831	31	0.9998	1.893156E-12	8.150036E-09	0	0
131	M	AKAKFERSKPHVNVGTIGHVDHGKTTLT	A	Acetyl 0	C(135) H(220) N(42) O(40) S(0)	SO_0217	translation elongation factor Tu, TufB	395	2	29	6	512.7823691	3069.647201	67	35	1.0	1.948693E-12	8.389125E-09	0	0
359	-	MLILTRRVGETLMIGDEVTVTVLGVKGNQVRIGVNAPKEVSVHREEIYQRIQSEKSGTPSEGGNF	-		C(308) H(515) N(91) O(98) S(2)	SO_3426	carbon storage regulator, CsrA	66	1	65	8	891.6033792	7120.755402	526	24	0.9998	2.029479E-12	8.736906E-09	0	0
116	M	ATKTVKVTQTKSGIGRLPKHRATLT	G		C(117) H(210) N(38) O(34) S(0)	SO_0249	ribosomal protein L30, RpmD	61	2	26	5	539.5253808	2691.587167	0	30	0.9287	3.44011E-12	1.480967E-08	0	0
516	-	MINPKKIEEMAKQLSDSLPSGLKQFAGEFEERSKQVLQNQLLKLDMVSREEFEVQQHVLLKTREKLEALQAQVNELEKKLNATD	-		C(426) H(708) N(118) O(135) S(3)	SO_4329	protein of unknown function DUF526	85	1	84	11	886.2935781	9733.132544	903	35	1.0	4.126238E-12	1.776345E-08	0	0
143	M	AAKIRRQDEVIVLAGKDKGKRAKVA	Q		C(118) H(214) N(40) O(33) S(0)	SO_0242	ribosomal protein L24, RplX	105	2	26	5	545.1338875	2719.6297	0	28	0.9942	4.145292E-12	1.784548E-08	0	0
187	V	TDEMIGHKLGEFSPTRTYRGHAADKKAKKR	-	Oxidation 4	C(148) H(242) N(48) O(45) S(1)	SO_0235	ribosomal protein S19, RpsS	93	63	92	6	575.1385755	3443.78444	113	24	0.9998	4.234631E-12	1.823009E-08	0	0
158	V	TDEMIGHKLGEFSPTRTYRGHAADKKAKKR	-	Oxidation 4	C(148) H(242) N(48) O(45) S(1)	SO_0235	ribosomal protein S19, RpsS	93	63	92	6	575.1385755	3443.78444	113	19	0.9747	6.563866E-12	2.825744E-08	0	0
231	V	TDEMIGHKLGEFSPTRTYRGHAADKKAKKR	-		C(148) H(242) N(48) O(44) S(1)	SO_0235	ribosomal protein S19, RpsS	93	63	92	6	572.4727564	3427.789525	110	20	0.9997	7.462106E-12	3.212437E-08	0	0
4	M	AKAKFERSKPHVNVGTIGHVDHGKTTLT	A	Acetyl 0	C(135) H(220) N(42) O(40) S(0)	SO_0217	translation elongation factor Tu, TufB	395	2	29	5	615.1373876	3069.647201	67	34	0.9999	8.158823E-12	3.512373E-08	0	0
155	V	TDEMIGHKLGEFSPTRTYRGHAADKKAKKR	-	Oxidation 4	C(148) H(242) N(48) O(45) S(1)	SO_0235	ribosomal protein S19, RpsS	93	63	92	6	575.1385755	3443.78444	113	19	0.8993	1.36642E-11	5.882436E-08	0	0
223	V	TDEMIGHKLGEFSPTRTYRGHAADKKAKKR	-		C(148) H(242) N(48) O(44) S(1)	SO_0235	ribosomal protein S19, RpsS	93	63	92	6	572.4727564	3427.789525	110	22	0.9999	1.587946E-11	6.836109E-08	0	0
239	V	TDEMIGHKLGEFSPTRTYRGHAADKKAKKR	-		C(148) H(242) N(48) O(44) S(1)	SO_0235	ribosomal protein S19, RpsS	93	63	92	5	686.7658524	3427.789525	110	22	0.9994	1.691706E-11	7.282795E-08	0	0
132	M	AKAKFERSKPHVNVGTIGHVDHGKTTLT	A	Acetyl 0	C(135) H(220) N(42) O(40) S(0)	SO_0217	translation elongation factor Tu, TufB	395	2	29	4	768.6699154	3069.647201	67	21	0.9495	1.693235E-11	7.289377E-08	0	0
348	-	MLILTRRVGETLMIGDEVTVTVLGVKGNQVRIGVNAPKEVSVHREEIYQRIQSEKSGTPSEGGNF	-		C(308) H(515) N(91) O(98) S(2)	SO_3426	carbon storage regulator, CsrA	66	1	65	8	891.6033792	7120.755402	526	28	0.9996	2.420081E-11	1.041845E-07	0	0
356	-	MLILTRRVGETLMIGDEVTVTVLGVKGNQVRIGVNAPKEVSVHREEIYQRIQSEKSGTPSEGGNF	-		C(308) H(515) N(91) O(98) S(2)	SO_3426	carbon storage regulator, CsrA	66	1	65	8	891.6033792	7120.755402	526	22	0.9377	3.167702E-11	1.363696E-07	0	0
248	L	VEKYGISQSRVTSNGYGITKPLVAGNSKEAHAANRRIEAIVTTTEKQPVLK	-		C(240) H(402) N(72) O(76) S(0)	SO_3545	outer membrane porin	366	315	365	7	788.4345006	5508.980504	386	25	0.9508	3.582166E-11	1.542122E-07	0	0
343	-	MLILTRRVGETLMIGDEVTVTVLGVKGNQVRIGVNAPKEVSVHREEIYQRIQSEKSGTPSEGGNF	-		C(308) H(515) N(91) O(98) S(2)	SO_3426	carbon storage regulator, CsrA	66	1	65	9	792.6482567	7120.755402	526	39	1.0	8.295642E-11	3.571274E-07	0	0
404	-	MNKTELIAKIAENADITKAQATRALKSFEAAITESMKNGDKISIVGFGSFETTTRAARTGRNPQTGKEIQIAEATVPKFKAGKTLRDSVN	-	Oxidation 36	C(419) H(701) N(123) O(136) S(2)	SO_0548	histone-like DNA-binding protein	91	1	90	11	882.9284362	9696.115983	893	20	0.0239	1.226009E-10	5.27797E-07	0	0
352	-	MLILTRRVGETLMIGDEVTVTVLGVKGNQVRIGVNAPKEVSVHREEIYQRIQSEKSGTPSEGGNF	-		C(308) H(515) N(91) O(98) S(2)	SO_3426	carbon storage regulator, CsrA	66	1	65	9	792.6482567	7120.755402	526	21	0.9992	1.26509E-10	5.446211E-07	0	0
468	-	MNKSELIEKIASGADISKAAAGRALDSFIAAVTEGLKEGDKISLVGFGTFEVRERAERTGRNPQTGEEIKIAAAKIPAFKAGKALKDAVN	-		C(414) H(689) N(119) O(130) S(1)	SO_1797	histone-like DNA-binding protein, HupB	91	1	90	12	788.0976933	9440.068228	831	28	0.9991	2.377137E-10	1.023357E-06	0	0
479	-	MNKSELIEKIASGADISKAAAGRALDSFIAAVTEGLKEGDKISLVGFGTFEVRERAERTGRNPQTGEEIKIAAAKIPAFKAGKALKDAVN	-		C(414) H(689) N(119) O(130) S(1)	SO_1797	histone-like DNA-binding protein, HupB	91	1	90	11	859.6513676	9440.068228	831	28	0.9996	2.726634E-10	1.173816E-06	0	0
305	L	NAKDSLERIKARQQQFDDRLKAAETLAEEGSDKSLQAKLAEAGIGEQKSNANAVLERIKARKS	-		C(292) H(498) N(94) O(100) S(0)	SO_3765	PspA	230	167	229	9	770.528466	6921.677286	513	28	0.7776	3.397048E-10	1.462429E-06	0	0
165	V	TDEMIGHKLGEFSPTRTYRGHAADKKAKKR	-	Oxidation 4	C(148) H(242) N(48) O(45) S(1)	SO_0235	ribosomal protein S19, RpsS	93	63	92	6	575.1385755	3443.78444	113	20	0.6329	4.660254E-10	2.006239E-06	0	0
471	-	MNKSELIEKIASGADISKAAAGRALDSFIAAVTEGLKEGDKISLVGFGTFEVRERAERTGRNPQTGEEIKIAAAKIPAFKAGKALKDAVN	-		C(414) H(689) N(119) O(130) S(1)	SO_1797	histone-like DNA-binding protein, HupB	91	1	90	11	859.6513676	9440.068228	831	35	0.9988	4.765873E-10	2.051709E-06	0	0
517	-	MINPKKIEEMAKQLSDSLPSGLKQFAGEFEERSKQVLQNQLLKLDMVSREEFEVQQHVLLKTREKLEALQAQVNELEKKLNATD	-	Oxidation 46	C(426) H(708) N(118) O(136) S(3)	SO_4329	protein of unknown function DUF526	85	1	84	10	976.4216998	9749.127459	914	30	0.2641	8.125719E-10	3.498122E-06	0	0
215	V	TDEMIGHKLGEFSPTRTYRGHAADKKAKKR	-		C(148) H(242) N(48) O(44) S(1)	SO_0235	ribosomal protein S19, RpsS	93	63	92	6	572.4727564	3427.789525	110	20	0.9727	8.186346E-10	3.524222E-06	0	0
483	-	MNKSELIEKIASGADISKAAAGRALDSFIAAVTEGLKEGDKISLVGFGTFEVRERAERTGRNPQTGEEIKIAAAKIPAFKAGKALKDAVN	-		C(414) H(689) N(119) O(130) S(1)	SO_1797	histone-like DNA-binding protein, HupB	91	1	90	12	788.0976933	9440.068228	831	23	0.9977	1.054584E-09	4.539984E-06	0	0
225	M	ATKTVKVTQTKSGIGRLPKHRATLTGLGLRRI	G		C(151) H(273) N(51) O(41) S(0)	SO_0249	ribosomal protein L30, RpmD	61	2	33	6	577.5224795	3457.084508	116	20	0.0203	3.322931E-09	1.430522E-05	0	0
216	Y	GITKPLVAGNSKEAHAANRRIEAIVTTTEKQPVLK	-		C(163) H(282) N(50) O(50) S(0)	SO_3545	outer membrane porin	366	331	365	6	624.6927433	3740.106091	141	22	0.281	3.456007E-09	1.487811E-05	0	0
463	-	MNKSELIEKIASGADISKAAAGRALDSFIAAVTEGLKEGDKISLVGFGTFEVRERAERTGRNPQTGEEIKIAAAKIPAFKAGKALKDAVN	-		C(414) H(689) N(119) O(130) S(1)	SO_1797	histone-like DNA-binding protein, HupB	91	1	90	11	859.6513676	9440.068228	831	28	0.9997	4.389538E-09	1.889696E-05	0	0
496	-	MNKSELIEKIASGADISKAAAGRALDSFIAAVTEGLKEGDKISLVGFGTFEVRERAERTGRNPQTGEEIKIAAAKIPAFKAGKALKDAVN	-		C(414) H(689) N(119) O(130) S(1)	SO_1797	histone-like DNA-binding protein, HupB	91	1	90	11	859.6513676	9440.068228	831	23	0.0715	5.384434E-09	2.317999E-05	0	0
16	M	AKAKFERSKPHVNVGTIGHVDHGKTTLT	A	Acetyl 0	C(135) H(220) N(42) O(40) S(0)	SO_0217	translation elongation factor Tu, TufB	395	2	29	5	615.1373876	3069.647201	67	33	0.8104	9.786103E-09	4.212917E-05	0	0
283	A	MSLQEAKSQGYLGEQPNGYLGLVQNNSDAKAVMDEVNNKRRAHYETIAKKNNLSAADVAKLAGEKAIAATDKGNYVQNAQGKWVKK	-	Oxidation 1,Oxidation 33	C(404) H(655) N(121) O(132) S(2)	SO_2062	putative periplasmic protein of unknown function DUF1318	117	31	116	11	853.9879127	9377.770224	809	21	0.98	1.042984E-08	4.490046E-05	0	0
287	L	SDKRADAVAKILVEKYGISQSRVTSNGYGITKPLVAGNSKEAHAANRRIEAIVTTTEKQPVLK	-		C(295) H(499) N(89) O(93) S(0)	SO_3545	outer membrane porin	366	303	365	8	848.5971213	6776.705339	502	28	0.9986	1.247796E-08	5.371763E-05	0	0
464	-	MNKSELIEKIASGADISKAAAGRALDSFIAAVTEGLKEGDKISLVGFGTFEVRERAERTGRNPQTGEEIKIAAAKIPAFKAGKALKDAVN	-		C(414) H(689) N(119) O(130) S(1)	SO_1797	histone-like DNA-binding protein, HupB	91	1	90	10	945.5157767	9440.068228	831	20	4.7272E-04	1.54551E-08	6.65342E-05	0	0
435	-	MNKSELIEKIASGADISKAAAGRALDSFIAAVTEGLKEGDKISLVGFGTFEVRERAERTGRNPQTGEEIKIAAAKIPAFKAGKALKDAVN	-	Oxidation 1	C(414) H(689) N(119) O(131) S(1)	SO_1797	histone-like DNA-binding protein, HupB	91	1	90	8	1183.642266	9456.063142	841	27	0.5487	1.878031E-08	8.084926E-05	0	0
467	-	MNKSELIEKIASGADISKAAAGRALDSFIAAVTEGLKEGDKISLVGFGTFEVRERAERTGRNPQTGEEIKIA	A		C(331) H(550) N(96) O(109) S(1)	SO_1797	histone-like DNA-binding protein, HupB	91	1	72	8	957.2610337	7646.016639	613	37	0.995	2.374187E-08	1.022087E-04	0	0
201	M	AKAKFERSKPHVNVGTIGHVDHGKTTLTAAISHV	L	Acetyl 0	C(161) H(262) N(50) O(47) S(0)	SO_0217	translation elongation factor Tu, TufB	395	2	35	5	731.0015878	3647.964847	132	12	2.5289E-04	3.766315E-08	1.621399E-04	0	0
5	M	AKAKFERSKPHVNVGTIGHVDHGKTTLT	A	Acetyl 0	C(135) H(220) N(42) O(40) S(0)	SO_0217	translation elongation factor Tu, TufB	395	2	29	6	512.7823691	3069.647201	67	25	0.1834	5.852972E-08	2.519705E-04	0	0
180	L	VAGNSKEAHAANRRIEAIVTTTEKQPVLK	-		C(134) H(231) N(43) O(43) S(0)	SO_3545	outer membrane porin	366	337	365	6	522.9613513	3130.721094	77	19	0.0319	8.179719E-08	3.521369E-04	0	0
91	L	VAGNSKEAHAANRRIEAIVTTTEKQPVLK	-		C(134) H(231) N(43) O(43) S(0)	SO_3545	outer membrane porin	366	337	365	5	627.3521663	3130.721094	77	18	0.0034	8.315648E-08	3.579886E-04	0	0
499	-	MNKSELIEKIASGADISKAAAGRALDSFIAAVTEGLKEGDKISLVGFGTFEVRERAERTGRNPQTGEEIKIAAAKIPAFKAGKALKDAVN	-		C(414) H(689) N(119) O(130) S(1)	SO_1797	histone-like DNA-binding protein, HupB	91	1	90	11	859.6513676	9440.068228	831	24	0.4011	8.402657E-08	3.617344E-04	0	0
10	M	AKAKFERSKPHVNVGTIGHVDHGKTTLT	A	Acetyl 0	C(135) H(220) N(42) O(40) S(0)	SO_0217	translation elongation factor Tu, TufB	395	2	29	6	512.7823691	3069.647201	67	25	0.2496	9.499562E-08	4.089562E-04	0	0
126	L	VAGNSKEAHAANRRIEAIVT	T		C(88) H(151) N(31) O(29) S(0)	SO_3545	outer membrane porin	366	337	356	4	527.7904648	2106.129399	0	17	7.181E-04	9.53091E-08	4.103057E-04	0	0
9	M	AKAKFERSKPHVNVGTIGHVDHGKTTLT	A	Acetyl 0	C(135) H(220) N(42) O(40) S(0)	SO_0217	translation elongation factor Tu, TufB	395	2	29	5	615.1373876	3069.647201	67	33	0.2709	1.134811E-07	4.88536E-04	0	0
412	-	MNKTELIAKIAENADITKAQATRALKSFEAAITESMKNGDKISIVGFGSFETTTRAARTGRNPQTGKEIQIAEATVPKFKAGKTLRDSVN	-	Oxidation 36	C(419) H(701) N(123) O(136) S(2)	SO_0548	histone-like DNA-binding protein	91	1	90	12	809.4350062	9696.115983	893	21	0.0798	1.326989E-07	5.712688E-04	0	0
168	D	IPISARRVVTFRPGQKLKTRVEAANTGK	-		C(136) H(237) N(45) O(37) S(0)	SO_2087	integration host factor, alpha subunit, IhfA	99	71	98	6	516.6419531	3092.804705	72	22	6.1883E-04	1.433994E-07	6.173343E-04	0	0
484	-	MNKSELIEKIASGADISKAAAGRALDSFIAAVTEGLKEGDKISLVGFGTFEVRERAERTGRNPQTGEEIKIAAAKIPAFKAGKALKDAVN	-		C(414) H(689) N(119) O(130) S(1)	SO_1797	histone-like DNA-binding protein, HupB	91	1	90	13	727.5522766	9440.068228	831	27	0.6661	1.493157E-07	6.42804E-04	0	0
171	M	AKAKFERSKPHVNVGTIGHVDHGKTTLTAAIS	H	Acetyl 0	C(150) H(246) N(46) O(45) S(0)	SO_0217	translation elongation factor Tu, TufB	395	2	33	5	683.5754516	3411.837521	106	16	0.0083	1.852952E-07	7.976957E-04	0.0103093	0.03125
501	-	MNKSELIEKIASGADISKAAAGRALDSFIAAVTEGLKEGDKISLVGFGTFEVRERAERTGRNPQTGEEIKIAAAKIPAFKAGKALKDAVN	-		C(414) H(689) N(119) O(130) S(1)	SO_1797	histone-like DNA-binding protein, HupB	91	1	90	12	788.0976933	9440.068228	831	22	0.0033	1.912726E-07	8.234283E-04	0.0103093	0
271	-	MAQIIVVTSGKGGVGKTTSSAAIATGLAIQGHKTVV	I	Acetyl 0,Oxidation 1	C(152) H(265) N(43) O(49) S(1)	SO_2577	membrane ATPase that activates MinC, MinD	270	1	36	5	703.1943592	3508.928704	119	8	0.4791	2.193189E-07	9.441677E-04	0.0103093	0.03125
14	M	AKAKFERSKPHVNVGTIGHVDHGKTTLT	A	Acetyl 0	C(135) H(220) N(42) O(40) S(0)	SO_0217	translation elongation factor Tu, TufB	395	2	29	6	512.7823691	3069.647201	67	19	0.0077	2.290822E-07	9.861989E-04	0.0103093	0
521	-	MINPKKIEEMAKQLSDSLPSGLKQFAGEFEERSKQVLQNQLLKLDMVSREEFEVQQHVLLKTREKLEALQAQVNELEKKLNATD	-		C(426) H(708) N(118) O(135) S(3)	SO_4329	protein of unknown function DUF526	85	1	84	12	812.5197197	9733.132544	903	16	0.0334	2.534074E-07	0.001091	0.0103093	0
455	-	MNKSELIEKIASGADISKAAAGRALDSFIAAVTEGLKEGDKISLVGFGTFEVRERAERTGRNPQTGEEIKIAAAKIPAFKAGKALKDAVN	-		C(414) H(689) N(119) O(130) S(1)	SO_1797	histone-like DNA-binding protein, HupB	91	1	90	10	945.5157767	9440.068228	831	25	0.3149	3.149861E-07	0.001356	0.0103093	0
291	M	SNIEERVKKIIVEQLGVKEEDVKPA	A		C(125) H(216) N(34) O(41) S(0)	SO_2775	acyl carrier protein, AcpP	78	2	26	4	713.654671	2849.586223	0	24	0.704	3.993879E-07	0.001719	0.0103093	0.03125
196	R	KQRDKAKLPQGYRVAGGTLGLVLALLCGLAVISAQLLG	-		C(175) H(304) N(50) O(47) S(1)	SO_2065	tyrosine transporter, TyrP	396	358	395	7	557.0461734	3890.265569	152	12	1.0156E-04	4.004807E-07	0.001724	0.0103093	0.03125
353	-	MLILTRRVGETLMIGDEVTVTVLGVKGNQVRIGVNAPKEVSVHREEIYQRIQSEKSGTPSEGGNF	-		C(308) H(515) N(91) O(98) S(2)	SO_3426	carbon storage regulator, CsrA	66	1	65	7	1018.831394	7120.755402	526	11	4.4714E-04	4.482604E-07	0.00193	0.0103093	0
19	M	AKAKFERSKPHVNVGTIGHVDHGKTTLT	A	Acetyl 0	C(135) H(220) N(42) O(40) S(0)	SO_0217	translation elongation factor Tu, TufB	395	2	29	6	512.7823691	3069.647201	67	17	0.0021	5.797083E-07	0.002496	0.0103093	0
251	A	STGAVRKYLAEHPSEFDPRKFLKA	S		C(125) H(195) N(35) O(35) S(0)	SO_0933	fructose-bisphosphate aldolase, class II, Calvin cycle subtype, Fba	356	284	307	5	550.4990442	2746.455484	0	16	0.0102	9.136564E-07	0.003933	0.0103093	0.03125
276	K	TATEAFAAAQPIVDRMATKGLIHKNKAARHKARLNAKIKALVA	-	Acetyl 0,Oxidation 16	C(205) H(351) N(65) O(56) S(1)	SO_3537	ribosomal protein S20, RpsT	89	46	88	8	582.7123261	4651.633687	1	7	0.0038	9.637487E-07	0.004149	0.0103093	0.03125
447	-	MNKSELIEKIASGADISKAAAGRALDSFIAAVTEGLKEGDKISLVGFGTFEVRERAERTGRNPQTGEEIKIAAAKIPAFKAGKALKDAVN	-		C(414) H(689) N(119) O(130) S(1)	SO_1797	histone-like DNA-binding protein, HupB	91	1	90	8	1181.642902	9440.068228	831	21	0.0062	1.269229E-06	0.005464	0.0204082	0
236	A	STGAVRKYLAEHPSEFDPRKFLKA	S		C(125) H(195) N(35) O(35) S(0)	SO_0933	fructose-bisphosphate aldolase, class II, Calvin cycle subtype, Fba	356	284	307	5	550.4990442	2746.455484	0	17	0.0031	1.910363E-06	0.008224	0.0288462	0.03125
268	M	ILMEFIVVLGCLLLGTRYGGMGLGLISGIGLFLLTFV	F		C(186) H(304) N(40) O(44) S(3)	SO_4417	C4-dicarboxylate transporter, DcuB	448	2	38	7	558.1788388	3898.194226	159	10	0.0012	2.915938E-06	0.012553	0.0288462	0.0857143
520	-	MINPKKIEEMAKQLSDSLPSGLKQFAGEFEERSKQVLQNQLLKLDMVSREEFEVQQHVLLKTREKLEALQAQVNELEKKLNATD	-	Oxidation 46	C(426) H(708) N(118) O(136) S(3)	SO_4329	protein of unknown function DUF526	85	1	84	11	887.7476613	9749.127459	914	17	0.013	3.479024E-06	0.014977	0.0288462	0
425	-	MNKSELIEKIASGADISKAAAGRALDSFIAAVTEGLKEGDKISLVGFGTFEVRERAERTGRNPQTGEEIKIAAAKIPAFKAGKALKDAVN	-	Oxidation 1	C(414) H(689) N(119) O(131) S(1)	SO_1797	histone-like DNA-binding protein, HupB	91	1	90	12	789.4306029	9456.063142	841	21	6.9963E-04	4.28648E-06	0.018453	0.0288462	0
399	A	ITEAPVSAVVGIGANETGGFALTVALEVSLDLPQADAQALVRHAHQVCPYSNATRNNIDVKLSVNGTALN	-	Acetyl 0	C(314) H(510) N(90) O(103) S(1)	SO_0976	peroxiredoxin, OhrA	142	72	141	9	803.8660681	7221.715705	1	13	0.4399	5.348047E-06	0.023023	0.0288462	0.0857143
395	-	MLAMKNLSKKEIKFVVKAIKKTHGESEITKINLTKEMVEEAISDLAIGCKDKHSPSGKHSKNDTT	D	Oxidation 4	C(313) H(533) N(87) O(99) S(4)	SO_3877	hypothetical protein	189	1	65	10	723.6909197	7222.823013	544	18	0.8834	5.749201E-06	0.02475	0.0288462	0.0857143
459	-	MNKSELIEKIASGADISKAAAGRALDSFIAAVTEGLKEGDKISLVGFGTFEVRERAERTGRNPQTGEEIKIAAAKIPAFKAGKALKDAVN	-	Acetyl 0	C(416) H(691) N(119) O(131) S(1)	SO_1797	histone-like DNA-binding protein, HupB	91	1	90	10	949.7168331	9482.078792	854	12	0.0011	7.747574E-06	0.033353	0.0462963	0
21	M	AKAKFERSKPHVNVGTIGHVDHGKTTLT	A	Acetyl 0	C(135) H(220) N(42) O(40) S(0)	SO_0217	translation elongation factor Tu, TufB	395	2	29	5	615.1373876	3069.647201	67	29	1.093E-04	8.956974E-06	0.03856	0.0462963	0
355	E	LMARAGFDPAQSVVLWQNMSKAGGGKGPELLSTHPSNNNRIAQLEQLQGQMQPLYQSAKANIKNQCAAPK	-	Acetyl 0,Oxidation 2,Oxidation 19,Oxidation 51	C(327) H(529) N(99) O(103) S(4)	SO_1137	M48 family peptidase lipoprotein	270	200	269	11	693.9910654	7618.808259	601	18	0.8015	1.100322E-05	0.047369	0.0462963	0.1111111
403	A	ITEAPVSAVVGIGANETGGFALTVALEVSLDLPQADAQALVRHAHQVCPYSNATRNNIDVKLSVNGTALN	-	Acetyl 0	C(314) H(510) N(90) O(103) S(1)	SO_0976	peroxiredoxin, OhrA	142	72	141	9	803.8660681	7221.715705	1	10	0.0858	1.105433E-05	0.047589	0.0462963	0.0857143
558	-	MNKSELIEKIASGADISKAAAGRALDSFIAAVTEGLKEGDKISLVGFGTFEVRERAERTGRNPQTGEEIKIAAAKIPAFKAGKALKDAVN	-		C(414) H(689) N(119) O(130) S(1)	SO_1797	histone-like DNA-binding protein, HupB	91	1	90	11	859.6513676	9440.068228	831	15	1.0851E-04	1.19857E-05	0.051598	0.0550459	0
299	-	MRVLALSAVLVVASIVGMPAMANEWQEKPSWNTHFSEHKAQGVIVLWNENKQQGFTNNLKRANQAFL	P	Acetyl 0,Oxidation 1	C(341) H(532) N(96) O(96) S(3)	SO_0837	class D carbapenem-hydrolyzing beta-lactamase, BlaA	266	1	67	10	761.7972223	7603.886039	599	17	0.8698	1.630763E-05	0.070204	0.0636364	0.1621622
323	-	MLTDVYQVAPFIRRDWLMMGSGQQLHLAQYGNPQGIPLLYLHGGPGAGASVSELSLFNPEHYWILLLDQRGAGQ	S	Oxidation 18,Oxidation 19	C(373) H(566) N(100) O(105) S(3)	SO_4400	prolyl aminopeptidase, S33 family	319	1	74	12	686.5182796	8222.118618	683	16	0.9537	3.288659E-05	0.141577	0.0982143	0.2307692
243	L	RLLELGEEIPRELYLLIAELIAFVYMLDGKFPEQWNNMHKKIVDKA	-	Oxidation 38	C(255) H(402) N(62) O(69) S(2)	SO_3199	FlhB domain protein	103	57	102	10	551.4012332	5500.929503	384	10	0.0026	3.308283E-05	0.142422	0.0982143	0.2307692
476	-	MTTWVLLRGLMRDKRHWNGFDQRLRQRGGTVFTPDLPGNGLLSHQKSPLSIAKYAQAVWQQLDENLQGQPFYLLGLSMGGMLAMEMAQQRPWQVKHVFVLNSSAANLSPWYHRFNLFNVLLAFVKRCRGVQLHPIESTIVRLTSYRHRRDTRLIEHWSEYRKETSPAFSNACRQLYAAFRYQCPTSLAIPVSILCGDRDALVNMQSSKALAQ	H	Acetyl 0	C(1095) H(1711) N(321) O(297) S(11)	SO_1976	hydrolase, alpha	293	1	212	32	765.9012807	24461.55781	1427	5	0.0103	4.403336E-05	0.189564	0.1130435	0.2380952
400	-	MDTQKGIIAWFAHNSVAANLLMWIVLIGGLFSAVLINKEVYPPFELNLLNISVAYPGAAPQEIEEGI	N	Oxidation 22	C(342) H(528) N(80) O(94) S(2)	SO_0945	acriflavine efflux protein, AcrB	1068	1	67	10	733.7929839	7323.843655	554	4	9.3421E-05	5.935795E-05	0.255536	0.1130435	0.2380952
465	-	MDLLDKVIAKATGIPHKPLSQVVFWCGFILSLLLAAQITWKLVPTSSSPTAWSPSAVTTTGKGAGQIDLDGLQQLALFGRADAKTDKPK	A	Acetyl 0	C(433) H(696) N(110) O(123) S(2)	SO_0165	general secretion pathway protein, GspC	309	1	89	11	862.2908928	9469.103005	850	9	1.4455E-04	6.426438E-05	0.276658	0.1130435	0.2380952
280	-	MTQSAIISILLCIAVLLGAMYFGSWTKHPYVQELTTEICKASAVIEPKKPSAEVMQEDKSKAESSSLPKVIWDQMLDNTSPPKPP	V	Oxidation 1	C(419) H(674) N(102) O(127) S(6)	SO_4177	periplasmic protein of expolysaccharide biosynthesis cluster, MxdD	119	1	85	11	852.2610018	9358.774204	801	9	1.5007E-04	1.237352E-04	0.53268	0.1206897	0.255814
536	M	DKLRPAIGNKEHGAVLLIVLVFSLLASLLVVTSLRDNLVQERLSGNFQKQINAQLLAEQGMHESYNQLKNQLKQTPNQSLQTLYDQLPTNANGSLEGSSYALDNGKI	T	Oxidation 61	C(519) H(849) N(147) O(164) S(1)	SO_0850	type IV pilin-associated adhesin	543	2	108	15	787.9577356	11797.2334	1062	8	0.0013	1.530168E-04	0.658737	0.1260504	0.2666667
292	M	KQIVAGPVAEQLKVANFRQGVLVVETTSAAWAARINFQKQKLLTQLQT	E	Acetyl 0	C(241) H(398) N(68) O(68) S(0)	SO_4213	conserved hypothetical protein	115	2	49	7	763.2912272	5332.977591	343	7	7.9019E-05	1.601947E-04	0.689638	0.1260504	0.2666667
393	A	ITEAPVSAVVGIGANETGGFALTVALEVSLDLPQADAQALVRHAHQVCPYSNATRNNIDVKLSVNGTALN	-	Acetyl 0	C(314) H(510) N(90) O(103) S(1)	SO_0976	peroxiredoxin, OhrA	142	72	141	12	603.1513702	7221.715705	1	7	1.1201E-04	2.361995E-04	1.016839	0.1260504	0.0857143
421	E	AIVLTSGEFAVLKVLVTHPREPLSRDKLMNLARGRDYSALERSIDVQVSRLRRLIEKDPANPRYIQTVWGLGYVFVPDGAARR	-	Acetyl 0	C(423) H(690) N(126) O(118) S(1)	SO_4633	two component transcriptional regulator for porins, OmpR	242	159	241	14	676.7340886	9455.158595	839	10	7.2968E-05	3.181659E-04	1.369704	0.1487603	0.3191489
423	P	GFLLMLVGLRSWHAIAARPKMAGMLAGVNACVVGLLAAALYQPVFSQGVLSAVDMAIVLIGFGALKFFKPQMLLLVLGFSVCGIGLIFMA	-	Oxidation 5,Oxidation 21,Oxidation 72,Oxidation 89	C(442) H(710) N(106) O(106) S(8)	SO_0986	chromate transporter, CHR family	384	294	383	11	861.0196319	9455.119135	839	11	0.0019	3.69084E-04	1.588907	0.1487603	0.3191489
419	L	LGTVTGMIATFQSIQLFGTGDPKLMAGGISMALVTTVQGLVAALPLMLLHAMLVARSKSITQILEEQSAGIIAAHAEKRAD	-	Oxidation 7,Oxidation 25,Oxidation 31	C(371) H(625) N(99) O(112) S(5)	SO_1825	TonB mediated energy transduction system, permease component, TtpC	452	371	451	10	843.4575304	8419.485765	732	12	8.1203E-04	0.002129	9.163311	0.1639344	0.3541667
